[
  {
    "id": "67e39d94-861e-4f07-bc41-4a5d2d0e3ee0",
    "data": [
      {
        "text": "put \u0027chair\u0027, \u0027table\u0027, \u0027phone\u0027 and \u0027window\u0027 to ",
        "userDefined": false
      },
      {
        "text": "array",
        "alias": "syn_list",
        "meta": "@syn_list",
        "userDefined": true
      },
      {
        "text": " room_items",
        "userDefined": false
      }
    ],
    "isTemplate": false,
    "count": 0,
    "updated": 1550982091
  },
  {
    "id": "6238c9dd-9626-4177-b6fe-94962130d018",
    "data": [
      {
        "text": "create a ",
        "userDefined": false
      },
      {
        "text": "list",
        "alias": "syn_list",
        "meta": "@syn_list",
        "userDefined": true
      },
      {
        "text": " named ",
        "userDefined": false
      },
      {
        "text": "stu_records",
        "meta": "@sys.ignore",
        "userDefined": true
      },
      {
        "text": " with values \u0027Arshad\u0027, \u002724\u0027, \u0027male\u0027, \u0027student\u0027",
        "userDefined": false
      }
    ],
    "isTemplate": false,
    "count": 0,
    "updated": 1550928870
  },
  {
    "id": "fa71f9ce-6ba9-4ba2-85d0-3f8b3c1af1fb",
    "data": [
      {
        "text": "fill empty ",
        "userDefined": false
      },
      {
        "text": "array",
        "alias": "syn_list",
        "meta": "@syn_list",
        "userDefined": true
      },
      {
        "text": " ",
        "userDefined": false
      },
      {
        "text": "temp",
        "meta": "@sys.ignore",
        "userDefined": true
      },
      {
        "text": " with ",
        "userDefined": false
      },
      {
        "text": "name",
        "meta": "@sys.ignore",
        "userDefined": true
      },
      {
        "text": ", ",
        "userDefined": false
      },
      {
        "text": "age",
        "meta": "@sys.ignore",
        "userDefined": true
      },
      {
        "text": " and ",
        "userDefined": false
      },
      {
        "text": "weight",
        "meta": "@sys.ignore",
        "userDefined": true
      }
    ],
    "isTemplate": false,
    "count": 0,
    "updated": 1550928870
  },
  {
    "id": "5d55d720-d92d-4c3d-a8fb-d14be0bec269",
    "data": [
      {
        "text": "add ",
        "userDefined": false
      },
      {
        "text": "49",
        "meta": "@sys.ignore",
        "userDefined": true
      },
      {
        "text": ", ",
        "userDefined": false
      },
      {
        "text": "45",
        "meta": "@sys.ignore",
        "userDefined": true
      },
      {
        "text": " to ",
        "userDefined": false
      },
      {
        "text": "array",
        "alias": "syn_list",
        "meta": "@syn_list",
        "userDefined": true
      },
      {
        "text": " ",
        "userDefined": false
      },
      {
        "text": "iop",
        "meta": "@sys.ignore",
        "userDefined": true
      }
    ],
    "isTemplate": false,
    "count": 1,
    "updated": 1550769674
  },
  {
    "id": "4a170463-9589-40ae-a235-f805763d73ba",
    "data": [
      {
        "text": "ruplef",
        "meta": "@sys.ignore",
        "userDefined": true
      },
      {
        "text": " is a ",
        "userDefined": false
      },
      {
        "text": "list",
        "alias": "syn_list",
        "meta": "@syn_list",
        "userDefined": true
      },
      {
        "text": " with values ",
        "userDefined": false
      },
      {
        "text": "computer",
        "meta": "@sys.ignore",
        "userDefined": true
      },
      {
        "text": ", ",
        "userDefined": false
      },
      {
        "text": "phone",
        "meta": "@sys.ignore",
        "userDefined": true
      },
      {
        "text": ", ",
        "userDefined": false
      },
      {
        "text": "book",
        "meta": "@sys.ignore",
        "userDefined": true
      },
      {
        "text": ", ",
        "userDefined": false
      },
      {
        "text": "465",
        "meta": "@sys.ignore",
        "userDefined": true
      },
      {
        "text": ", and ",
        "userDefined": false
      },
      {
        "text": "244.43",
        "meta": "@sys.ignore",
        "userDefined": true
      }
    ],
    "isTemplate": false,
    "count": 0,
    "updated": 1550769674
  },
  {
    "id": "20335bce-3796-4faa-8034-655cdbcf4ac2",
    "data": [
      {
        "text": "define a ",
        "userDefined": false
      },
      {
        "text": "string array",
        "alias": "syn_list",
        "meta": "@syn_list",
        "userDefined": true
      },
      {
        "text": " called ",
        "userDefined": false
      },
      {
        "text": "str_array",
        "meta": "@sys.ignore",
        "userDefined": true
      },
      {
        "text": " and put ",
        "userDefined": false
      },
      {
        "text": "flowers",
        "meta": "@sys.ignore",
        "userDefined": true
      },
      {
        "text": ", ",
        "userDefined": false
      },
      {
        "text": "guitars",
        "meta": "@sys.ignore",
        "userDefined": true
      },
      {
        "text": ", ",
        "userDefined": false
      },
      {
        "text": "elephants",
        "meta": "@sys.ignore",
        "userDefined": true
      },
      {
        "text": " and ",
        "userDefined": false
      },
      {
        "text": "drums",
        "meta": "@sys.ignore",
        "userDefined": true
      },
      {
        "text": " to it",
        "userDefined": false
      }
    ],
    "isTemplate": false,
    "count": 0,
    "updated": 1550769674
  },
  {
    "id": "e65d960a-b4cf-41aa-a2b5-2affd8835d67",
    "data": [
      {
        "text": "num_array \u003d ",
        "userDefined": false
      },
      {
        "text": "Arshad",
        "meta": "@sys.ignore",
        "userDefined": true
      },
      {
        "text": ", ",
        "userDefined": false
      },
      {
        "text": "Milan",
        "meta": "@sys.ignore",
        "userDefined": true
      }
    ],
    "isTemplate": false,
    "count": 0,
    "updated": 1550769674
  },
  {
    "id": "0f46407a-876c-4cb1-bac3-56cff7115dce",
    "data": [
      {
        "text": "create a ",
        "userDefined": false
      },
      {
        "text": "list",
        "alias": "syn_list",
        "meta": "@syn_list",
        "userDefined": true
      },
      {
        "text": " named ",
        "userDefined": false
      },
      {
        "text": "temp_list",
        "meta": "@sys.ignore",
        "userDefined": true
      },
      {
        "text": " and add \u0027",
        "userDefined": false
      },
      {
        "text": "Milan",
        "meta": "@sys.ignore",
        "userDefined": true
      },
      {
        "text": "\u0027, \u0027",
        "userDefined": false
      },
      {
        "text": "Madusha",
        "meta": "@sys.ignore",
        "userDefined": true
      },
      {
        "text": "\u0027, \u0027",
        "userDefined": false
      },
      {
        "text": "Dinusha",
        "meta": "@sys.ignore",
        "userDefined": true
      },
      {
        "text": "\u0027, \u0027",
        "userDefined": false
      },
      {
        "text": "Arshad",
        "meta": "@sys.ignore",
        "userDefined": true
      },
      {
        "text": "\u0027, \u0027",
        "userDefined": false
      },
      {
        "text": "Ruchira",
        "meta": "@sys.ignore",
        "userDefined": true
      },
      {
        "text": "\u0027",
        "userDefined": false
      }
    ],
    "isTemplate": false,
    "count": 0,
    "updated": 1550769674
  },
  {
    "id": "5ffc665b-67a6-4288-8132-aa41af8d0cd4",
    "data": [
      {
        "text": "assign ",
        "userDefined": false
      },
      {
        "text": "45",
        "meta": "@sys.ignore",
        "userDefined": true
      },
      {
        "text": ", ",
        "userDefined": false
      },
      {
        "text": "89",
        "meta": "@sys.ignore",
        "userDefined": true
      },
      {
        "text": " ,",
        "userDefined": false
      },
      {
        "text": "45",
        "meta": "@sys.ignore",
        "userDefined": true
      },
      {
        "text": " ,",
        "userDefined": false
      },
      {
        "text": "12",
        "meta": "@sys.ignore",
        "userDefined": true
      },
      {
        "text": " and ",
        "userDefined": false
      },
      {
        "text": "44",
        "meta": "@sys.ignore",
        "userDefined": true
      },
      {
        "text": " to ",
        "userDefined": false
      },
      {
        "text": "number_array",
        "meta": "@sys.ignore",
        "userDefined": true
      }
    ],
    "isTemplate": false,
    "count": 0,
    "updated": 1550769777
  },
  {
    "id": "e594a395-9670-4dcb-8a65-b5fffb50c9d0",
    "data": [
      {
        "text": "my_list",
        "meta": "@sys.ignore",
        "userDefined": true
      },
      {
        "text": ".append(",
        "userDefined": false
      },
      {
        "text": "runs",
        "meta": "@sys.ignore",
        "userDefined": true
      },
      {
        "text": ", ",
        "userDefined": false
      },
      {
        "text": "wickets",
        "meta": "@sys.ignore",
        "userDefined": true
      },
      {
        "text": ", ",
        "userDefined": false
      },
      {
        "text": "total",
        "meta": "@sys.ignore",
        "userDefined": true
      },
      {
        "text": ", ",
        "userDefined": false
      },
      {
        "text": "strike_rate",
        "meta": "@sys.ignore",
        "userDefined": true
      },
      {
        "text": ")",
        "userDefined": false
      }
    ],
    "isTemplate": false,
    "count": 0,
    "updated": 1550769674
  },
  {
    "id": "98b3ff90-84dc-4b0f-938c-39e0a0c96ca5",
    "data": [
      {
        "text": "add ",
        "userDefined": false
      },
      {
        "text": "element1",
        "meta": "@sys.ignore",
        "userDefined": true
      },
      {
        "text": " to ",
        "userDefined": false
      },
      {
        "text": "element_list",
        "meta": "@sys.ignore",
        "userDefined": true
      }
    ],
    "isTemplate": false,
    "count": 0,
    "updated": 1550769674
  },
  {
    "id": "3496c828-4596-4bf9-8f79-c70597c7bbab",
    "data": [
      {
        "text": "append ",
        "userDefined": false
      },
      {
        "text": "age",
        "meta": "@sys.ignore",
        "userDefined": true
      },
      {
        "text": ", ",
        "userDefined": false
      },
      {
        "text": "height",
        "meta": "@sys.ignore",
        "userDefined": true
      },
      {
        "text": ", ",
        "userDefined": false
      },
      {
        "text": "skills",
        "meta": "@sys.ignore",
        "userDefined": true
      },
      {
        "text": " to the ",
        "userDefined": false
      },
      {
        "text": "list",
        "alias": "syn_list",
        "meta": "@syn_list",
        "userDefined": true
      },
      {
        "text": " named ",
        "userDefined": false
      },
      {
        "text": "my_list",
        "meta": "@sys.ignore",
        "userDefined": true
      }
    ],
    "isTemplate": false,
    "count": 0,
    "updated": 1550769674
  }
]