[
  {
    "id": "a25b30aa-5c99-4afc-8dc9-1891a971c971",
    "data": [
      {
        "text": "use ",
        "userDefined": false
      },
      {
        "text": "column3",
        "alias": "ds_attributes",
        "meta": "@ds_attributes",
        "userDefined": true
      },
      {
        "text": " as the class",
        "userDefined": false
      }
    ],
    "isTemplate": false,
    "count": 0,
    "updated": 1550906948
  },
  {
    "id": "75fb3a26-bd6c-4e1d-b207-bb01dcdd561a",
    "data": [
      {
        "text": "define variable target class and assign ",
        "userDefined": false
      },
      {
        "text": "price",
        "alias": "ds_attributes",
        "meta": "@ds_attributes",
        "userDefined": true
      },
      {
        "text": " as class",
        "userDefined": false
      }
    ],
    "isTemplate": false,
    "count": 0,
    "updated": 1550906948
  },
  {
    "id": "9376faf3-362c-45c3-8fc1-8550604e01ec",
    "data": [
      {
        "text": "define variable cls with value ",
        "userDefined": false
      },
      {
        "text": "Price",
        "alias": "ds_attributes",
        "meta": "@ds_attributes",
        "userDefined": true
      },
      {
        "text": ", use cls as the class",
        "userDefined": false
      }
    ],
    "isTemplate": false,
    "count": 0,
    "updated": 1550906484
  },
  {
    "id": "a75ef89a-8de7-4747-b2c2-34cb18b27a6d",
    "data": [
      {
        "text": "feature is ",
        "userDefined": false
      },
      {
        "text": "my_class",
        "alias": "ds_attributes",
        "meta": "@ds_attributes",
        "userDefined": true
      }
    ],
    "isTemplate": false,
    "count": 0,
    "updated": 1550419721
  },
  {
    "id": "04489c40-ffd9-455c-b11b-818b528ab54e",
    "data": [
      {
        "text": "targeted class is ",
        "userDefined": false
      },
      {
        "text": "sales",
        "alias": "ds_attributes",
        "meta": "@ds_attributes",
        "userDefined": true
      }
    ],
    "isTemplate": false,
    "count": 0,
    "updated": 1549559021
  },
  {
    "id": "7c44e993-d6a7-4bf3-880e-76184e5bb642",
    "data": [
      {
        "text": "target class is a variable with value ",
        "userDefined": false
      },
      {
        "text": "column4",
        "alias": "ds_attributes",
        "meta": "@ds_attributes",
        "userDefined": true
      }
    ],
    "isTemplate": false,
    "count": 0,
    "updated": 1549559021
  },
  {
    "id": "4348450d-a00b-42d7-85bc-e706f85251d0",
    "data": [
      {
        "text": "define variable target_class and assign ",
        "userDefined": false
      },
      {
        "text": "TARGET_CLASS",
        "alias": "ds_attributes",
        "meta": "@ds_attributes",
        "userDefined": true
      }
    ],
    "isTemplate": false,
    "count": 0,
    "updated": 1549559021
  },
  {
    "id": "738febc9-8d6f-4205-9ff6-138599545343",
    "data": [
      {
        "text": "feature to be classified is ",
        "userDefined": false
      },
      {
        "text": "SL_win",
        "alias": "ds_attributes",
        "meta": "@ds_attributes",
        "userDefined": true
      }
    ],
    "isTemplate": false,
    "count": 0,
    "updated": 1549301722
  },
  {
    "id": "0795a599-c6ca-422d-b203-ea822fa9d0a1",
    "data": [
      {
        "text": "take ",
        "userDefined": false
      },
      {
        "text": "my_class",
        "alias": "ds_attributes",
        "meta": "@ds_attributes",
        "userDefined": true
      },
      {
        "text": " as the class",
        "userDefined": false
      }
    ],
    "isTemplate": false,
    "count": 0,
    "updated": 1548996692
  },
  {
    "id": "06cebd6a-2c23-4bf2-869c-3b0c0bc70b8d",
    "data": [
      {
        "text": "define ",
        "userDefined": false
      },
      {
        "text": "@ds_attributes",
        "alias": "ds_attributes",
        "meta": "@ds_attributes",
        "userDefined": true
      },
      {
        "text": " as class",
        "userDefined": false
      }
    ],
    "isTemplate": false,
    "count": 0,
    "updated": 1545937129
  },
  {
    "id": "23836996-e8ce-41a9-a08f-8bd78c5a0cf2",
    "data": [
      {
        "text": "class \u003d ",
        "userDefined": false
      },
      {
        "text": "rating_text",
        "alias": "ds_attributes",
        "meta": "@ds_attributes",
        "userDefined": true
      }
    ],
    "isTemplate": false,
    "count": 0,
    "updated": 1545936655
  },
  {
    "id": "f29002f5-9501-41a0-a230-d5218f9f8500",
    "data": [
      {
        "text": "class ",
        "userDefined": false
      },
      {
        "text": "rating_text",
        "alias": "ds_attributes",
        "meta": "@ds_attributes",
        "userDefined": true
      }
    ],
    "isTemplate": false,
    "count": 0,
    "updated": 1545936655
  },
  {
    "id": "5080e638-066a-4b77-b519-99f67625f4f5",
    "data": [
      {
        "text": "class attribute \u003d ",
        "userDefined": false
      },
      {
        "text": "currency",
        "alias": "ds_attributes",
        "meta": "@ds_attributes",
        "userDefined": false
      }
    ],
    "isTemplate": false,
    "count": 0,
    "updated": 1545936156
  },
  {
    "id": "a9d0bc43-59f2-4d66-a184-95f5ad4f8545",
    "data": [
      {
        "text": "ground truth \u003d ",
        "userDefined": false
      },
      {
        "text": "pass",
        "alias": "ds_attributes",
        "meta": "@ds_attributes",
        "userDefined": true
      }
    ],
    "isTemplate": false,
    "count": 0,
    "updated": 1545739121
  },
  {
    "id": "0298be09-83e6-4555-8dee-9b7c1b06bfc1",
    "data": [
      {
        "text": "use ",
        "userDefined": false
      },
      {
        "text": "raining",
        "alias": "ds_attributes",
        "meta": "@ds_attributes",
        "userDefined": true
      },
      {
        "text": " as class",
        "userDefined": false
      }
    ],
    "isTemplate": false,
    "count": 0,
    "updated": 1546086730
  },
  {
    "id": "e00db21f-93b5-46ac-8eb5-cd1e6a983140",
    "data": [
      {
        "text": "class is ",
        "userDefined": false
      },
      {
        "text": "SL_win",
        "alias": "ds_attributes",
        "meta": "@ds_attributes",
        "userDefined": true
      }
    ],
    "isTemplate": false,
    "count": 0,
    "updated": 1546086730
  },
  {
    "id": "ce0f2ce6-200d-4943-8441-6e5a4cf4d3e0",
    "data": [
      {
        "text": "class \u003d ",
        "userDefined": false
      },
      {
        "text": "play_golf",
        "alias": "ds_attributes",
        "meta": "@ds_attributes",
        "userDefined": true
      }
    ],
    "isTemplate": false,
    "count": 0,
    "updated": 1546086730
  }
]