[
  {
    "id": "5848604f-7aee-442f-b0d0-a274779e0869",
    "data": [
      {
        "text": "preferred programming language \u003d ",
        "userDefined": false
      },
      {
        "text": "Java",
        "alias": "ProgrammingLanguage",
        "meta": "@ProgrammingLanguage",
        "userDefined": true
      }
    ],
    "isTemplate": false,
    "count": 0,
    "updated": 1549302048
  },
  {
    "id": "5d85c977-97a2-4f34-b4e4-fdb061b8f260",
    "data": [
      {
        "text": "associate ",
        "userDefined": false
      },
      {
        "text": "Python",
        "alias": "ProgrammingLanguage",
        "meta": "@ProgrammingLanguage",
        "userDefined": true
      },
      {
        "text": " to train the ML model",
        "userDefined": false
      }
    ],
    "isTemplate": false,
    "count": 0,
    "updated": 1548947771
  },
  {
    "id": "4ac03b37-5f16-47b2-a4ba-f981cf122dd9",
    "data": [
      {
        "text": "write the source code by using ",
        "userDefined": false
      },
      {
        "text": "R",
        "alias": "ProgrammingLanguage",
        "meta": "@ProgrammingLanguage",
        "userDefined": true
      }
    ],
    "isTemplate": false,
    "count": 0,
    "updated": 1548947771
  },
  {
    "id": "53497262-20d7-4ecd-9384-9dccff884f36",
    "data": [
      {
        "text": "language \u003d ",
        "userDefined": false
      },
      {
        "text": "python",
        "alias": "ProgrammingLanguage",
        "meta": "@ProgrammingLanguage",
        "userDefined": true
      }
    ],
    "isTemplate": false,
    "count": 0,
    "updated": 1547463963
  },
  {
    "id": "c1ad3dfa-ac1b-4006-ba43-a8349d019dab",
    "data": [
      {
        "text": "language is ",
        "userDefined": false
      },
      {
        "text": "R",
        "alias": "ProgrammingLanguage",
        "meta": "@ProgrammingLanguage",
        "userDefined": true
      }
    ],
    "isTemplate": false,
    "count": 0,
    "updated": 1547463963
  },
  {
    "id": "befefc84-baa2-4110-a868-4703a7a1f1e4",
    "data": [
      {
        "text": "use ",
        "userDefined": false
      },
      {
        "text": "R",
        "alias": "ProgrammingLanguage",
        "meta": "@ProgrammingLanguage",
        "userDefined": true
      },
      {
        "text": " as the language",
        "userDefined": false
      }
    ],
    "isTemplate": false,
    "count": 0,
    "updated": 1547463963
  },
  {
    "id": "7231ee7d-b625-4da2-ae3b-794a798f9217",
    "data": [
      {
        "text": "build model using ",
        "userDefined": false
      },
      {
        "text": "python",
        "alias": "ProgrammingLanguage",
        "meta": "@ProgrammingLanguage",
        "userDefined": true
      }
    ],
    "isTemplate": false,
    "count": 0,
    "updated": 1547463963
  }
]