[
  {
    "id": "7d8afe85-7fab-4b38-9dd6-a0ee6d1bab5b",
    "data": [
      {
        "text": "define feature set ",
        "userDefined": false
      },
      {
        "text": "name",
        "alias": "ds_attributes",
        "meta": "@ds_attributes",
        "userDefined": true
      },
      {
        "text": ", ",
        "userDefined": false
      },
      {
        "text": "state",
        "alias": "ds_attributes",
        "meta": "@ds_attributes",
        "userDefined": true
      },
      {
        "text": ", ",
        "userDefined": false
      },
      {
        "text": "account",
        "alias": "ds_attributes",
        "meta": "@ds_attributes",
        "userDefined": true
      },
      {
        "text": " ",
        "userDefined": false
      },
      {
        "text": "created",
        "alias": "ds_attributes",
        "meta": "@ds_attributes",
        "userDefined": true
      },
      {
        "text": ", ",
        "userDefined": false
      },
      {
        "text": "country",
        "alias": "ds_attributes",
        "meta": "@ds_attributes",
        "userDefined": true
      }
    ],
    "isTemplate": false,
    "count": 0,
    "updated": 1550127948
  },
  {
    "id": "bd7b6fa2-bd32-48d7-8efa-f2b080cba010",
    "data": [
      {
        "text": "use ",
        "userDefined": false
      },
      {
        "text": "attribute 1",
        "alias": "ds_attributes",
        "meta": "@ds_attributes",
        "userDefined": true
      },
      {
        "text": ", ",
        "userDefined": false
      },
      {
        "text": "attribute 2",
        "alias": "ds_attributes",
        "meta": "@ds_attributes",
        "userDefined": true
      },
      {
        "text": ", ",
        "userDefined": false
      },
      {
        "text": "attribute 3",
        "alias": "ds_attributes",
        "meta": "@ds_attributes",
        "userDefined": true
      },
      {
        "text": " , ",
        "userDefined": false
      },
      {
        "text": "attribute 4",
        "alias": "ds_attributes",
        "meta": "@ds_attributes",
        "userDefined": true
      },
      {
        "text": " and  ",
        "userDefined": false
      },
      {
        "text": "attribute 5",
        "alias": "ds_attributes",
        "meta": "@ds_attributes",
        "userDefined": true
      },
      {
        "text": " for learning",
        "userDefined": false
      }
    ],
    "isTemplate": false,
    "count": 0,
    "updated": 1549648311
  },
  {
    "id": "bb7ab650-ae60-47e9-82ba-ccdb022b835c",
    "data": [
      {
        "text": "features to be used to learn \u003d ",
        "userDefined": false
      },
      {
        "text": "weight",
        "alias": "ds_attributes",
        "meta": "@ds_attributes",
        "userDefined": true
      },
      {
        "text": ", ",
        "userDefined": false
      },
      {
        "text": "height",
        "alias": "ds_attributes",
        "meta": "@ds_attributes",
        "userDefined": true
      },
      {
        "text": ",  ",
        "userDefined": false
      },
      {
        "text": "length",
        "alias": "ds_attributes",
        "meta": "@ds_attributes",
        "userDefined": true
      }
    ],
    "isTemplate": false,
    "count": 0,
    "updated": 1549648311
  },
  {
    "id": "cbaea4cf-c5a7-4663-a03f-b5021ddfd6ae",
    "data": [
      {
        "text": "selected features \u003d  ",
        "userDefined": false
      },
      {
        "text": "9999",
        "alias": "ds_attributes",
        "meta": "@ds_attributes",
        "userDefined": true
      },
      {
        "text": ", ",
        "userDefined": false
      },
      {
        "text": "4444",
        "alias": "ds_attributes",
        "meta": "@ds_attributes",
        "userDefined": true
      }
    ],
    "isTemplate": false,
    "count": 0,
    "updated": 1549648311
  },
  {
    "id": "17b65d96-8834-4710-bfce-1fda05b1e1f0",
    "data": [
      {
        "text": "use ",
        "userDefined": false
      },
      {
        "text": "4444",
        "alias": "ds_attributes",
        "meta": "@ds_attributes",
        "userDefined": true
      },
      {
        "text": ", ",
        "userDefined": false
      },
      {
        "text": "findex1",
        "alias": "ds_attributes",
        "meta": "@ds_attributes",
        "userDefined": true
      },
      {
        "text": ", ",
        "userDefined": false
      },
      {
        "text": "findex2",
        "alias": "ds_attributes",
        "meta": "@ds_attributes",
        "userDefined": true
      },
      {
        "text": ", ",
        "userDefined": false
      },
      {
        "text": "findex9",
        "alias": "ds_attributes",
        "meta": "@ds_attributes",
        "userDefined": true
      },
      {
        "text": "  columns",
        "userDefined": false
      }
    ],
    "isTemplate": false,
    "count": 0,
    "updated": 1549722180
  },
  {
    "id": "7eabb96a-6db4-4996-81f9-eca363b94ab8",
    "data": [
      {
        "text": "columns to be considered \u003d ",
        "userDefined": false
      },
      {
        "text": "findex2",
        "alias": "ds_attributes",
        "meta": "@ds_attributes",
        "userDefined": true
      },
      {
        "text": ", ",
        "userDefined": false
      },
      {
        "text": "findex9",
        "alias": "ds_attributes",
        "meta": "@ds_attributes",
        "userDefined": true
      }
    ],
    "isTemplate": false,
    "count": 0,
    "updated": 1549648311
  },
  {
    "id": "4cf64fd1-f7b6-4a26-8f03-7cdf013ca4c0",
    "data": [
      {
        "text": "attributes are ",
        "userDefined": false
      },
      {
        "text": "column 1",
        "alias": "ds_attributes",
        "meta": "@ds_attributes",
        "userDefined": true
      },
      {
        "text": " , ",
        "userDefined": false
      },
      {
        "text": "column 2",
        "alias": "ds_attributes",
        "meta": "@ds_attributes",
        "userDefined": true
      },
      {
        "text": " and ",
        "userDefined": false
      },
      {
        "text": "column 6",
        "alias": "ds_attributes",
        "meta": "@ds_attributes",
        "userDefined": true
      }
    ],
    "isTemplate": false,
    "count": 1,
    "updated": 1549648311
  },
  {
    "id": "5934b7c0-1a80-4a40-bed3-1a45b0facf32",
    "data": [
      {
        "text": "features \u003d ",
        "userDefined": false
      },
      {
        "text": "runs",
        "alias": "ds_attributes",
        "meta": "@ds_attributes",
        "userDefined": true
      },
      {
        "text": ", ",
        "userDefined": false
      },
      {
        "text": "wickets",
        "alias": "ds_attributes",
        "meta": "@ds_attributes",
        "userDefined": true
      },
      {
        "text": ", ",
        "userDefined": false
      },
      {
        "text": "no_of_100\u0027s",
        "alias": "ds_attributes",
        "meta": "@ds_attributes",
        "userDefined": true
      },
      {
        "text": ", ",
        "userDefined": false
      },
      {
        "text": "average",
        "alias": "ds_attributes",
        "meta": "@ds_attributes",
        "userDefined": true
      },
      {
        "text": ", ",
        "userDefined": false
      },
      {
        "text": "strke_rates",
        "alias": "ds_attributes",
        "meta": "@ds_attributes",
        "userDefined": true
      }
    ],
    "isTemplate": false,
    "count": 0,
    "updated": 1549647883
  }
]