[
  {
    "id": "3bcc2c4f-6e1f-494a-a839-ed4a738dd2fa",
    "data": [
      {
        "text": "in ",
        "userDefined": false
      },
      {
        "text": "case",
        "meta": "@sys.ignore",
        "userDefined": false
      },
      {
        "text": ", ",
        "userDefined": false
      },
      {
        "text": "the condition",
        "meta": "@sys.ignore",
        "userDefined": false
      },
      {
        "text": " is not satisfied",
        "userDefined": false
      }
    ],
    "isTemplate": false,
    "count": 0,
    "updated": 1549302863
  },
  {
    "id": "6e1374d5-269c-427b-93ff-778b335de96c",
    "data": [
      {
        "text": "if ",
        "userDefined": false
      },
      {
        "text": "not",
        "meta": "@sys.ignore",
        "userDefined": false
      },
      {
        "text": " the the ",
        "userDefined": false
      },
      {
        "text": "case",
        "meta": "@sys.ignore",
        "userDefined": false
      },
      {
        "text": ",",
        "userDefined": false
      }
    ],
    "isTemplate": false,
    "count": 0,
    "updated": 1549008104
  },
  {
    "id": "0fff21b8-0c8b-4574-82a5-c84163f3a510",
    "data": [
      {
        "text": "otherwise,",
        "userDefined": false
      }
    ],
    "isTemplate": false,
    "count": 0,
    "updated": 1549008104
  },
  {
    "id": "fcf1a27f-7e04-45aa-aa89-aa34d6981907",
    "data": [
      {
        "text": "else (",
        "userDefined": false
      },
      {
        "text": "any",
        "alias": "any",
        "meta": "@sys.any",
        "userDefined": true
      },
      {
        "text": ").",
        "userDefined": false
      }
    ],
    "isTemplate": false,
    "count": 0,
    "updated": 1548223037
  },
  {
    "id": "ff088596-de42-4a24-88b3-538a8cb8b531",
    "data": [
      {
        "text": "else then ",
        "userDefined": false
      },
      {
        "text": "any",
        "alias": "any",
        "meta": "@sys.any",
        "userDefined": true
      },
      {
        "text": ",",
        "userDefined": false
      }
    ],
    "isTemplate": false,
    "count": 0,
    "updated": 1548222960
  },
  {
    "id": "2a1eb5f3-26d1-42ae-b93e-bbc4932597c4",
    "data": [
      {
        "text": "else, then",
        "userDefined": false
      }
    ],
    "isTemplate": false,
    "count": 0,
    "updated": 1548222960
  },
  {
    "id": "3e43cd7c-0026-46dd-8a4a-12d4a9edb2b0",
    "data": [
      {
        "text": "else ",
        "userDefined": false
      },
      {
        "text": "any",
        "alias": "any",
        "meta": "@sys.any",
        "userDefined": true
      },
      {
        "text": ",",
        "userDefined": false
      }
    ],
    "isTemplate": false,
    "count": 0,
    "updated": 1548222960
  },
  {
    "id": "8d73f3f4-318d-48b9-9ab0-17de936ebb85",
    "data": [
      {
        "text": "else if ",
        "userDefined": false
      },
      {
        "text": "any",
        "alias": "any",
        "meta": "@sys.any",
        "userDefined": true
      }
    ],
    "isTemplate": false,
    "count": 0,
    "updated": 1548222960
  },
  {
    "id": "76a08ce6-8f05-47d3-8041-b12cdf9f9d3e",
    "data": [
      {
        "text": "else,",
        "userDefined": false
      }
    ],
    "isTemplate": false,
    "count": 0,
    "updated": 1548222960
  },
  {
    "id": "36094423-7c76-455f-ae23-33f0f85d9934",
    "data": [
      {
        "text": "IF not,",
        "userDefined": false
      }
    ],
    "isTemplate": false,
    "count": 0,
    "updated": 1548222960
  },
  {
    "id": "a0548cf1-d351-4064-8eec-1077f065f719",
    "data": [
      {
        "text": "if not",
        "userDefined": false
      }
    ],
    "isTemplate": false,
    "count": 0,
    "updated": 1548222960
  }
]