[
  {
    "id": "854d1c5b-41f9-4575-a50a-a27a71c8473e",
    "data": [
      {
        "text": "if condition ends",
        "userDefined": false
      }
    ],
    "isTemplate": false,
    "count": 0,
    "updated": 1550982183
  },
  {
    "id": "3355b1b2-f36d-487b-8e1a-db0bedc171d9",
    "data": [
      {
        "text": "end of if ",
        "userDefined": false
      },
      {
        "text": "condition",
        "meta": "@sys.ignore",
        "userDefined": false
      }
    ],
    "isTemplate": false,
    "count": 0,
    "updated": 1550840984
  },
  {
    "id": "23753b13-ccce-424a-bd64-53cb4b558ef5",
    "data": [
      {
        "text": "escape from if",
        "userDefined": false
      }
    ],
    "isTemplate": false,
    "count": 0,
    "updated": 1550840984
  },
  {
    "id": "be0ca9c1-2f54-46af-aae9-fd31c5b20fb7",
    "data": [
      {
        "text": "close the if ",
        "userDefined": false
      },
      {
        "text": "condition",
        "meta": "@sys.ignore",
        "userDefined": false
      }
    ],
    "isTemplate": false,
    "count": 0,
    "updated": 1550840984
  },
  {
    "id": "8783b4be-697b-45fe-851d-71a2b414e99a",
    "data": [
      {
        "text": "terminate if ",
        "userDefined": false
      },
      {
        "text": "statement",
        "meta": "@sys.ignore",
        "userDefined": false
      }
    ],
    "isTemplate": false,
    "count": 0,
    "updated": 1550840984
  },
  {
    "id": "7596a96d-35e6-4811-882a-ed0ab596ec54",
    "data": [
      {
        "text": "stop if ",
        "userDefined": false
      },
      {
        "text": "condition",
        "meta": "@sys.ignore",
        "userDefined": false
      }
    ],
    "isTemplate": false,
    "count": 0,
    "updated": 1550840984
  },
  {
    "id": "bf881509-ffba-4827-bbd4-e550d3185894",
    "data": [
      {
        "text": "end of else",
        "userDefined": false
      }
    ],
    "isTemplate": false,
    "count": 0,
    "updated": 1550840984
  },
  {
    "id": "2e635998-a42a-42b4-9a94-c5e55b196b63",
    "data": [
      {
        "text": "end of IF",
        "userDefined": false
      }
    ],
    "isTemplate": false,
    "count": 0,
    "updated": 1550840984
  },
  {
    "id": "3f9fc82e-218b-4209-917d-ffe53d2c71f7",
    "data": [
      {
        "text": "conclude IF ",
        "userDefined": false
      },
      {
        "text": "condition",
        "meta": "@sys.ignore",
        "userDefined": false
      }
    ],
    "isTemplate": false,
    "count": 0,
    "updated": 1550840984
  }
]