[
  {
    "id": "510f35cf-5ac9-4f51-8a98-d9d8ad6705e1",
    "data": [
      {
        "text": "while loop end in here",
        "userDefined": false
      }
    ],
    "isTemplate": false,
    "count": 0,
    "updated": 1550982195
  },
  {
    "id": "3a8455d5-3a14-40a9-ad41-abdbc7163849",
    "data": [
      {
        "text": "end of while",
        "userDefined": false
      }
    ],
    "isTemplate": false,
    "count": 0,
    "updated": 1550840794
  },
  {
    "id": "0cda97d0-108b-4521-8376-ce9b717096f2",
    "data": [
      {
        "text": "escape from while loop",
        "userDefined": false
      }
    ],
    "isTemplate": false,
    "count": 0,
    "updated": 1550840794
  },
  {
    "id": "c572591a-144f-4dfb-b8b6-3f7ac6096711",
    "data": [
      {
        "text": "terminate while loop",
        "userDefined": false
      }
    ],
    "isTemplate": false,
    "count": 0,
    "updated": 1550840794
  },
  {
    "id": "a812873d-54cf-4b15-88d1-2a7263aaa8af",
    "data": [
      {
        "text": "end of while loop",
        "userDefined": false
      }
    ],
    "isTemplate": false,
    "count": 1,
    "updated": 1550840794
  },
  {
    "id": "6409770a-737f-4ffb-b767-dd6512841101",
    "data": [
      {
        "text": "stop while loop",
        "userDefined": false
      }
    ],
    "isTemplate": false,
    "count": 0,
    "updated": 1550840794
  },
  {
    "id": "5eabb7c2-524d-4b08-9f53-05b8ee205fef",
    "data": [
      {
        "text": "break the while loop",
        "userDefined": false
      }
    ],
    "isTemplate": false,
    "count": 0,
    "updated": 1550840794
  },
  {
    "id": "52ee0ec4-3c8b-40d0-849b-4096df946fad",
    "data": [
      {
        "text": "conclude while loop",
        "userDefined": false
      }
    ],
    "isTemplate": false,
    "count": 0,
    "updated": 1550840794
  }
]