[
  {
    "id": "88dd340f-edf8-4182-9d11-6797e5494217",
    "data": [
      {
        "text": "for loop is ending",
        "userDefined": false
      }
    ],
    "isTemplate": false,
    "count": 0,
    "updated": 1550982167
  },
  {
    "id": "7f52eade-d77a-4461-999f-77511183cfaa",
    "data": [
      {
        "text": "end of for",
        "userDefined": false
      }
    ],
    "isTemplate": false,
    "count": 0,
    "updated": 1550840814
  },
  {
    "id": "1a99dfa6-d45a-4e47-9293-76f0c20c227c",
    "data": [
      {
        "text": "conclude for loop",
        "userDefined": false
      }
    ],
    "isTemplate": false,
    "count": 1,
    "updated": 1550840687
  },
  {
    "id": "742f4782-436d-4297-a059-999a2b8105d8",
    "data": [
      {
        "text": "break the for loop",
        "userDefined": false
      }
    ],
    "isTemplate": false,
    "count": 0,
    "updated": 1550840687
  },
  {
    "id": "da4ccc26-b24e-4c77-9241-cfb47f37b3e2",
    "data": [
      {
        "text": "stop for loop",
        "userDefined": false
      }
    ],
    "isTemplate": false,
    "count": 0,
    "updated": 1550840687
  },
  {
    "id": "5cb1bfb6-0344-4230-b525-2e428912c957",
    "data": [
      {
        "text": "terminate for loop",
        "userDefined": false
      }
    ],
    "isTemplate": false,
    "count": 0,
    "updated": 1550840687
  },
  {
    "id": "5228841a-4c7c-464a-8025-3dc4b8593500",
    "data": [
      {
        "text": "escape from for loop",
        "userDefined": false
      }
    ],
    "isTemplate": false,
    "count": 1,
    "updated": 1550840687
  },
  {
    "id": "fb7a074c-e0f5-4be1-9bed-1823e4cb76af",
    "data": [
      {
        "text": "end of for loop",
        "userDefined": false
      }
    ],
    "isTemplate": false,
    "count": 0,
    "updated": 1550840687
  }
]