[
  {
    "id": "5864c83f-68cd-40f2-b40a-ef6a74fa71f7",
    "data": [
      {
        "text": "conclude steps",
        "userDefined": false
      }
    ],
    "isTemplate": false,
    "count": 0,
    "updated": 1549009205
  },
  {
    "id": "eedf4bc8-fe31-4c4a-aba4-b1cd67e0497a",
    "data": [
      {
        "text": "quite algorithm",
        "userDefined": false
      }
    ],
    "isTemplate": false,
    "count": 0,
    "updated": 1549009205
  },
  {
    "id": "2f66ee1f-1be9-4176-bf8b-9d8082c1c748",
    "data": [
      {
        "text": "finish ML program",
        "userDefined": false
      }
    ],
    "isTemplate": false,
    "count": 0,
    "updated": 1549009205
  },
  {
    "id": "327f01a2-95cc-4af4-ac48-bc9df6259172",
    "data": [
      {
        "text": "close the application",
        "userDefined": false
      }
    ],
    "isTemplate": false,
    "count": 0,
    "updated": 1549009205
  },
  {
    "id": "46a04a22-bb37-46a1-b9fb-061dd3bdeabb",
    "data": [
      {
        "text": "terminate the program",
        "userDefined": false
      }
    ],
    "isTemplate": false,
    "count": 0,
    "updated": 1549009205
  },
  {
    "id": "a87185e9-30f7-4e14-bf47-c1ba28be0a8d",
    "data": [
      {
        "text": "end of the pseudo code",
        "userDefined": false
      }
    ],
    "isTemplate": false,
    "count": 0,
    "updated": 1549009205
  },
  {
    "id": "f9ebe678-8292-4b86-b948-112ac01c2e2f",
    "data": [
      {
        "text": "terminate classification",
        "userDefined": false
      }
    ],
    "isTemplate": false,
    "count": 0,
    "updated": 1545739412
  },
  {
    "id": "b92de33e-48df-4f4b-8100-cb72d8054618",
    "data": [
      {
        "text": "stop algorithm",
        "userDefined": false
      }
    ],
    "isTemplate": false,
    "count": 0,
    "updated": 1545739412
  },
  {
    "id": "3347c92b-059b-4256-9571-44a68bdf4150",
    "data": [
      {
        "text": "stop",
        "userDefined": false
      }
    ],
    "isTemplate": false,
    "count": 0,
    "updated": 1545739412
  },
  {
    "id": "e4e297a5-a989-4de7-9f98-7634b70ec949",
    "data": [
      {
        "text": "End",
        "userDefined": false
      }
    ],
    "isTemplate": false,
    "count": 0,
    "updated": 1545739412
  }
]