[
  {
    "id": "1009b2d2-5ad2-454a-a94e-b30a1176f25f",
    "data": [
      {
        "text": "anything",
        "userDefined": false
      }
    ],
    "isTemplate": false,
    "count": 0,
    "updated": 1546088651
  },
  {
    "id": "2cbad4e2-37ac-4420-a167-59b6cda0e8ef",
    "data": [
      {
        "text": "any string",
        "userDefined": false
      }
    ],
    "isTemplate": false,
    "count": 0,
    "updated": 1546088651
  },
  {
    "id": "b072f1bb-c02e-4784-8ebb-86feaf2080e5",
    "data": [
      {
        "text": "something",
        "userDefined": false
      }
    ],
    "isTemplate": false,
    "count": 0,
    "updated": 1546088651
  }
]