[
  {
    "id": "4a5d04b7-a7e8-4c7d-9fb1-2c5832afed93",
    "data": [
      {
        "text": "iterate for each ",
        "userDefined": false
      },
      {
        "text": "column",
        "alias": "temp_variable",
        "meta": "@temp_variable",
        "userDefined": true
      },
      {
        "text": " in the ",
        "userDefined": false
      },
      {
        "text": "dataset",
        "alias": "list_variable",
        "meta": "@list_variable",
        "userDefined": true
      },
      {
        "text": ",",
        "userDefined": false
      }
    ],
    "isTemplate": false,
    "count": 0,
    "updated": 1549722367
  },
  {
    "id": "2d1f4f97-d489-4787-ba29-0b8bc4324f6e",
    "data": [
      {
        "text": "initialize a for each loop for ",
        "userDefined": false
      },
      {
        "text": "items",
        "alias": "temp_variable",
        "meta": "@temp_variable",
        "userDefined": true
      },
      {
        "text": " in the list ",
        "userDefined": false
      },
      {
        "text": "my_array",
        "alias": "list_variable",
        "meta": "@list_variable",
        "userDefined": true
      }
    ],
    "isTemplate": false,
    "count": 0,
    "updated": 1549303084
  },
  {
    "id": "0ce13d96-65f9-4742-8eaa-1be4870a361f",
    "data": [
      {
        "text": "iterate through each ",
        "userDefined": false
      },
      {
        "text": "member",
        "alias": "temp_variable",
        "meta": "@temp_variable",
        "userDefined": true
      },
      {
        "text": " in the ",
        "userDefined": false
      },
      {
        "text": "array",
        "alias": "list_variable",
        "meta": "@list_variable",
        "userDefined": true
      }
    ],
    "isTemplate": false,
    "count": 0,
    "updated": 1549011696
  },
  {
    "id": "a0e9976c-f21b-4338-9469-a2544604afc8",
    "data": [
      {
        "text": "do to each ",
        "userDefined": false
      },
      {
        "text": "item",
        "alias": "temp_variable",
        "meta": "@temp_variable",
        "userDefined": true
      },
      {
        "text": " in the ",
        "userDefined": false
      },
      {
        "text": "my_list",
        "alias": "list_variable",
        "meta": "@list_variable",
        "userDefined": true
      }
    ],
    "isTemplate": false,
    "count": 0,
    "updated": 1549011333
  },
  {
    "id": "292b3b1c-823c-4da9-bbef-97b373d4c075",
    "data": [
      {
        "text": "apply for every ",
        "userDefined": false
      },
      {
        "text": "member",
        "alias": "temp_variable",
        "meta": "@temp_variable",
        "userDefined": true
      },
      {
        "text": " in the ",
        "userDefined": false
      },
      {
        "text": "given_list",
        "alias": "list_variable",
        "meta": "@list_variable",
        "userDefined": true
      }
    ],
    "isTemplate": false,
    "count": 0,
    "updated": 1549011333
  },
  {
    "id": "c3656ae4-c5cd-4902-8cea-311c20f46045",
    "data": [
      {
        "text": "for ",
        "userDefined": false
      },
      {
        "text": "element",
        "alias": "temp_variable",
        "meta": "@temp_variable",
        "userDefined": true
      },
      {
        "text": " in ",
        "userDefined": false
      },
      {
        "text": "given_list",
        "alias": "list_variable",
        "meta": "@list_variable",
        "userDefined": true
      }
    ],
    "isTemplate": false,
    "count": 0,
    "updated": 1549011333
  },
  {
    "id": "482911bb-e5ef-4c6c-aad8-1d07a2514430",
    "data": [
      {
        "text": "for every ",
        "userDefined": false
      },
      {
        "text": "k",
        "alias": "temp_variable",
        "meta": "@temp_variable",
        "userDefined": true
      },
      {
        "text": " in ",
        "userDefined": false
      },
      {
        "text": "keys",
        "alias": "list_variable",
        "meta": "@list_variable",
        "userDefined": true
      }
    ],
    "isTemplate": false,
    "count": 0,
    "updated": 1546088137
  },
  {
    "id": "33ea9182-6317-43b8-90d8-49f870f9f4ad",
    "data": [
      {
        "text": "for ",
        "userDefined": false
      },
      {
        "text": "e",
        "alias": "temp_variable",
        "meta": "@temp_variable",
        "userDefined": true
      },
      {
        "text": " in ",
        "userDefined": false
      },
      {
        "text": "elements",
        "alias": "list_variable",
        "meta": "@list_variable",
        "userDefined": true
      },
      {
        "text": " :",
        "userDefined": false
      }
    ],
    "isTemplate": false,
    "count": 0,
    "updated": 1546088137
  },
  {
    "id": "8995c8ca-0b02-403e-92f6-2cd5f1b744f7",
    "data": [
      {
        "text": "for ",
        "userDefined": false
      },
      {
        "text": "item",
        "alias": "temp_variable",
        "meta": "@temp_variable",
        "userDefined": true
      },
      {
        "text": " in ",
        "userDefined": false
      },
      {
        "text": "item_list",
        "alias": "list_variable",
        "meta": "@list_variable",
        "userDefined": true
      }
    ],
    "isTemplate": false,
    "count": 0,
    "updated": 1546088137
  }
]