[
  {
    "id": "4dd8ffa2-3f45-4712-bff3-1fee9b2ef5b0",
    "data": [
      {
        "text": "if ",
        "userDefined": false
      },
      {
        "text": "rat",
        "alias": "any",
        "meta": "@sys.any",
        "userDefined": true
      },
      {
        "text": " is similar to ",
        "userDefined": false
      },
      {
        "text": "cat",
        "alias": "Test",
        "meta": "@Test",
        "userDefined": true
      },
      {
        "text": ",",
        "meta": "@sys.ignore",
        "userDefined": true
      }
    ],
    "isTemplate": false,
    "count": 0,
    "updated": 1548247713
  },
  {
    "id": "93482a78-18a6-47bc-9b84-0bba1452c909",
    "data": [
      {
        "text": "if ",
        "userDefined": false
      },
      {
        "text": "my_name",
        "alias": "any",
        "meta": "@sys.any",
        "userDefined": true
      },
      {
        "text": " is same as ",
        "userDefined": false
      },
      {
        "text": "your_name",
        "alias": "Test",
        "meta": "@Test",
        "userDefined": true
      },
      {
        "text": ":",
        "userDefined": false
      }
    ],
    "isTemplate": false,
    "count": 0,
    "updated": 1548247713
  },
  {
    "id": "af86e24c-25d1-4a5e-97c1-b9b13a4226a3",
    "data": [
      {
        "text": "if ",
        "userDefined": false
      },
      {
        "text": "num1",
        "alias": "any",
        "meta": "@sys.any",
        "userDefined": true
      },
      {
        "text": " is ",
        "userDefined": false
      },
      {
        "text": "num2",
        "alias": "Test",
        "meta": "@Test",
        "userDefined": true
      }
    ],
    "isTemplate": false,
    "count": 0,
    "updated": 1548247713
  },
  {
    "id": "d91227d2-d40b-407e-bc71-d4d91b75605e",
    "data": [
      {
        "text": "if ",
        "userDefined": false
      },
      {
        "text": "real",
        "alias": "any",
        "meta": "@sys.any",
        "userDefined": true
      },
      {
        "text": " equals to ",
        "userDefined": false
      },
      {
        "text": "expected",
        "alias": "Test",
        "meta": "@Test",
        "userDefined": true
      },
      {
        "text": ",",
        "userDefined": false
      }
    ],
    "isTemplate": false,
    "count": 0,
    "updated": 1548247713
  },
  {
    "id": "714f7ffa-648d-4f02-9a22-871e4c3d190e",
    "data": [
      {
        "text": "if ( ",
        "userDefined": false
      },
      {
        "text": "dog_age",
        "alias": "any",
        "meta": "@sys.any",
        "userDefined": true
      },
      {
        "text": " \u003d ",
        "userDefined": false
      },
      {
        "text": "cat_age",
        "alias": "Test",
        "meta": "@Test",
        "userDefined": true
      },
      {
        "text": " ) {",
        "userDefined": false
      }
    ],
    "isTemplate": false,
    "count": 0,
    "updated": 1548247713
  },
  {
    "id": "48d7caf5-bc3c-492e-995f-e65c226e7cbc",
    "data": [
      {
        "text": "if ",
        "userDefined": false
      },
      {
        "text": "any1",
        "alias": "any",
        "meta": "@sys.any",
        "userDefined": true
      },
      {
        "text": " \u003d\u003d ",
        "userDefined": false
      },
      {
        "text": "any2",
        "alias": "Test1",
        "meta": "@Test",
        "userDefined": true
      },
      {
        "text": ":",
        "userDefined": false
      }
    ],
    "isTemplate": false,
    "count": 0,
    "updated": 1548247713
  },
  {
    "id": "abda820b-6a33-4c6a-9f65-73451b157ac1",
    "data": [
      {
        "text": "if ",
        "userDefined": false
      },
      {
        "text": "any1",
        "alias": "any",
        "meta": "@sys.any",
        "userDefined": true
      },
      {
        "text": " is equals to ",
        "userDefined": false
      },
      {
        "text": "any2",
        "alias": "Test",
        "meta": "@Test",
        "userDefined": true
      }
    ],
    "isTemplate": false,
    "count": 0,
    "updated": 1548247713
  }
]