[
  {
    "id": "0b411375-f0fc-4fde-ae21-68458380115a",
    "data": [
      {
        "text": "if ",
        "userDefined": false
      },
      {
        "text": "e.errno",
        "alias": "any",
        "meta": "@sys.any",
        "userDefined": true
      },
      {
        "text": " is not lesser than ",
        "userDefined": false
      },
      {
        "text": "errno.EEXIST",
        "alias": "any1",
        "meta": "@sys.any",
        "userDefined": true
      },
      {
        "text": ",",
        "userDefined": false
      }
    ],
    "isTemplate": false,
    "count": 0,
    "updated": 1548234531
  },
  {
    "id": "23992b57-a92c-4e7f-b73b-2ca71e404c2e",
    "data": [
      {
        "text": "if ( ",
        "userDefined": false
      },
      {
        "text": "any1",
        "alias": "any",
        "meta": "@sys.any",
        "userDefined": true
      },
      {
        "text": "  \u003e  ",
        "userDefined": false
      },
      {
        "text": "any2",
        "alias": "any1",
        "meta": "@sys.any",
        "userDefined": true
      },
      {
        "text": " ):",
        "userDefined": false
      }
    ],
    "isTemplate": false,
    "count": 0,
    "updated": 1548234531
  },
  {
    "id": "a169f4a1-f4ec-443c-bc35-79665dbec035",
    "data": [
      {
        "text": "if ( ",
        "userDefined": false
      },
      {
        "text": "dog_age",
        "alias": "any",
        "meta": "@sys.any",
        "userDefined": true
      },
      {
        "text": "  \u003e ",
        "userDefined": false
      },
      {
        "text": "cat_age",
        "alias": "any1",
        "meta": "@sys.any",
        "userDefined": true
      },
      {
        "text": " ),",
        "userDefined": false
      }
    ],
    "isTemplate": false,
    "count": 0,
    "updated": 1548234531
  },
  {
    "id": "d3936dd0-d9cb-4504-816a-de920f791414",
    "data": [
      {
        "text": "if size of ",
        "userDefined": false
      },
      {
        "text": "c_ulong",
        "alias": "any",
        "meta": "@sys.any",
        "userDefined": true
      },
      {
        "text": " does higher than Size of ",
        "userDefined": false
      },
      {
        "text": "c_void_p",
        "alias": "any1",
        "meta": "@sys.any",
        "userDefined": true
      },
      {
        "text": ",",
        "userDefined": false
      }
    ],
    "isTemplate": false,
    "count": 0,
    "updated": 1548234531
  },
  {
    "id": "baa7a7e8-dffc-4983-a048-7c6d5fbbbd56",
    "data": [
      {
        "text": "not the case that ",
        "userDefined": false
      },
      {
        "text": "some1",
        "alias": "any",
        "meta": "@sys.any",
        "userDefined": true
      },
      {
        "text": " is lesser than ",
        "userDefined": false
      },
      {
        "text": "some2",
        "alias": "any1",
        "meta": "@sys.any",
        "userDefined": true
      }
    ],
    "isTemplate": false,
    "count": 0,
    "updated": 1548234531
  },
  {
    "id": "8a6c39e8-525a-48ec-83e5-b26e4a3e6aa0",
    "data": [
      {
        "text": "if ",
        "userDefined": false
      },
      {
        "text": "square",
        "alias": "any",
        "meta": "@sys.any",
        "userDefined": true
      },
      {
        "text": " is bigger than the ",
        "userDefined": false
      },
      {
        "text": "wheel",
        "alias": "any1",
        "meta": "@sys.any",
        "userDefined": true
      },
      {
        "text": ":",
        "userDefined": false
      }
    ],
    "isTemplate": false,
    "count": 0,
    "updated": 1548234531
  },
  {
    "id": "718a6e1a-f3f8-41e6-a82a-e00723123f5d",
    "data": [
      {
        "text": "if ",
        "userDefined": false
      },
      {
        "text": "rat",
        "alias": "any",
        "meta": "@sys.any",
        "userDefined": true
      },
      {
        "text": " taller than ",
        "userDefined": false
      },
      {
        "text": "cat",
        "alias": "any1",
        "meta": "@sys.any",
        "userDefined": true
      },
      {
        "text": ",",
        "userDefined": false
      }
    ],
    "isTemplate": false,
    "count": 0,
    "updated": 1548234531
  },
  {
    "id": "4cb3b305-65a9-48f7-8bf7-cc9145e767f4",
    "data": [
      {
        "text": "if ",
        "userDefined": false
      },
      {
        "text": "van",
        "alias": "any",
        "meta": "@sys.any",
        "userDefined": true
      },
      {
        "text": "  is larger than ",
        "userDefined": false
      },
      {
        "text": "car",
        "alias": "any1",
        "meta": "@sys.any",
        "userDefined": true
      }
    ],
    "isTemplate": false,
    "count": 0,
    "updated": 1548234531
  },
  {
    "id": "cf6c1a00-244a-4e34-8031-594cc7ecb576",
    "data": [
      {
        "text": "if ",
        "userDefined": false
      },
      {
        "text": "moon",
        "alias": "any",
        "meta": "@sys.any",
        "userDefined": true
      },
      {
        "text": " is greater than ",
        "userDefined": false
      },
      {
        "text": "sun",
        "alias": "any1",
        "meta": "@sys.any",
        "userDefined": true
      },
      {
        "text": ":",
        "userDefined": false
      }
    ],
    "isTemplate": false,
    "count": 0,
    "updated": 1548234531
  }
]