[
  {
    "id": "e99e8996-48a3-496d-82bc-46d444dbe2ed",
    "data": [
      {
        "text": "if the ",
        "userDefined": false
      },
      {
        "text": "condition",
        "alias": "any",
        "meta": "@sys.any",
        "userDefined": true
      },
      {
        "text": " is not true:",
        "userDefined": false
      }
    ],
    "isTemplate": false,
    "count": 0,
    "updated": 1549359838
  },
  {
    "id": "ee793d21-5a4c-41d6-8b28-8371dca01fa3",
    "data": [
      {
        "text": "if ! ",
        "userDefined": false
      },
      {
        "text": "any",
        "alias": "any",
        "meta": "@sys.any",
        "userDefined": true
      },
      {
        "text": ",",
        "userDefined": false
      }
    ],
    "isTemplate": false,
    "count": 0,
    "updated": 1548231773
  },
  {
    "id": "f157bd9d-79db-449d-a58d-ffa729861337",
    "data": [
      {
        "text": "! ",
        "userDefined": false
      },
      {
        "text": "any",
        "alias": "any",
        "meta": "@sys.any",
        "userDefined": true
      },
      {
        "text": ":",
        "userDefined": false
      }
    ],
    "isTemplate": false,
    "count": 0,
    "updated": 1548231773
  },
  {
    "id": "1b0b2e8e-b846-4409-a405-b3be452b7208",
    "data": [
      {
        "text": "if !( ",
        "userDefined": false
      },
      {
        "text": "any",
        "alias": "any",
        "meta": "@sys.any",
        "userDefined": true
      },
      {
        "text": " )",
        "userDefined": false
      }
    ],
    "isTemplate": false,
    "count": 0,
    "updated": 1548231773
  },
  {
    "id": "f005323d-87bb-4a89-85b2-7310aebd7567",
    "data": [
      {
        "text": "IF !",
        "userDefined": false
      },
      {
        "text": "any",
        "alias": "any",
        "meta": "@sys.any",
        "userDefined": true
      }
    ],
    "isTemplate": false,
    "count": 0,
    "updated": 1548231773
  },
  {
    "id": "1d914180-4081-4490-a738-e1d362019842",
    "data": [
      {
        "text": "not the case that ",
        "userDefined": false
      },
      {
        "text": "something",
        "alias": "any",
        "meta": "@sys.any",
        "userDefined": true
      },
      {
        "text": " is not false",
        "userDefined": false
      }
    ],
    "isTemplate": false,
    "count": 0,
    "updated": 1548231773
  },
  {
    "id": "3f49bd9a-9e15-4073-b992-5c52d50213de",
    "data": [
      {
        "text": "not the case of ",
        "userDefined": false
      },
      {
        "text": "any",
        "alias": "any",
        "meta": "@sys.any",
        "userDefined": true
      },
      {
        "text": " is true,",
        "userDefined": false
      }
    ],
    "isTemplate": false,
    "count": 0,
    "updated": 1548223765
  },
  {
    "id": "02bd57db-c77c-4593-b63b-2a4d3de63dac",
    "data": [
      {
        "text": "if not ",
        "userDefined": false
      },
      {
        "text": "any",
        "alias": "any",
        "meta": "@sys.any",
        "userDefined": true
      },
      {
        "text": ",",
        "userDefined": false
      }
    ],
    "isTemplate": false,
    "count": 0,
    "updated": 1548223765
  },
  {
    "id": "d159022c-624d-4c07-86ae-1b5d18e5d670",
    "data": [
      {
        "text": "if ",
        "userDefined": false
      },
      {
        "text": "any",
        "alias": "any",
        "meta": "@sys.any",
        "userDefined": true
      },
      {
        "text": " is not true,",
        "userDefined": false
      }
    ],
    "isTemplate": false,
    "count": 0,
    "updated": 1548223765
  },
  {
    "id": "a9567951-3d17-490d-b942-0f073f55d9cc",
    "data": [
      {
        "text": "if ",
        "userDefined": false
      },
      {
        "text": "result",
        "alias": "any",
        "meta": "@sys.any",
        "userDefined": true
      },
      {
        "text": " is false,",
        "userDefined": false
      }
    ],
    "isTemplate": false,
    "count": 0,
    "updated": 1548223765
  }
]