[
  {
    "id": "ef4a7a9d-6613-45d7-b127-eca72da5284d",
    "data": [
      {
        "text": "if ",
        "userDefined": false
      },
      {
        "text": "moon",
        "alias": "any",
        "meta": "@sys.any",
        "userDefined": true
      },
      {
        "text": " is smaller than ",
        "userDefined": false
      },
      {
        "text": "sun",
        "alias": "any1",
        "meta": "@sys.any",
        "userDefined": true
      },
      {
        "text": ":",
        "userDefined": false
      }
    ],
    "isTemplate": false,
    "count": 0,
    "updated": 1548235293
  },
  {
    "id": "757b4a98-2e77-4f1f-b177-ac4e0365d997",
    "data": [
      {
        "text": "if ",
        "userDefined": false
      },
      {
        "text": "van",
        "alias": "any",
        "meta": "@sys.any",
        "userDefined": true
      },
      {
        "text": "  is lesser than ",
        "userDefined": false
      },
      {
        "text": "car",
        "alias": "any1",
        "meta": "@sys.any",
        "userDefined": true
      }
    ],
    "isTemplate": false,
    "count": 0,
    "updated": 1548235293
  },
  {
    "id": "73ff299a-d50c-4343-a5c9-90931fa0397e",
    "data": [
      {
        "text": "if ",
        "userDefined": false
      },
      {
        "text": "rat",
        "alias": "any",
        "meta": "@sys.any",
        "userDefined": true
      },
      {
        "text": " shorter than ",
        "userDefined": false
      },
      {
        "text": "cat",
        "alias": "any1",
        "meta": "@sys.any",
        "userDefined": true
      },
      {
        "text": ",",
        "userDefined": false
      }
    ],
    "isTemplate": false,
    "count": 0,
    "updated": 1548235293
  },
  {
    "id": "7380c65e-7302-4589-aea9-d065158ca92d",
    "data": [
      {
        "text": "if ",
        "userDefined": false
      },
      {
        "text": "square",
        "alias": "any",
        "meta": "@sys.any",
        "userDefined": true
      },
      {
        "text": " is fewer than the ",
        "userDefined": false
      },
      {
        "text": "wheel",
        "alias": "any1",
        "meta": "@sys.any",
        "userDefined": true
      },
      {
        "text": ":",
        "userDefined": false
      }
    ],
    "isTemplate": false,
    "count": 0,
    "updated": 1548235293
  },
  {
    "id": "5f35fd43-187a-4057-a089-fed654176acc",
    "data": [
      {
        "text": "not the case that ",
        "userDefined": false
      },
      {
        "text": "some1",
        "alias": "any",
        "meta": "@sys.any",
        "userDefined": true
      },
      {
        "text": " is more than ",
        "userDefined": false
      },
      {
        "text": "some2",
        "alias": "any1",
        "meta": "@sys.any",
        "userDefined": true
      }
    ],
    "isTemplate": false,
    "count": 0,
    "updated": 1548235293
  },
  {
    "id": "8de6bf59-cf12-455c-944e-7690101259af",
    "data": [
      {
        "text": "if size of ",
        "userDefined": false
      },
      {
        "text": "c_ulong",
        "alias": "any",
        "meta": "@sys.any",
        "userDefined": true
      },
      {
        "text": " does smaller than Size of ",
        "userDefined": false
      },
      {
        "text": "c_void_p",
        "alias": "any1",
        "meta": "@sys.any",
        "userDefined": true
      },
      {
        "text": ",",
        "userDefined": false
      }
    ],
    "isTemplate": false,
    "count": 0,
    "updated": 1548235293
  },
  {
    "id": "582ad848-21ea-4810-bbd2-fd4ea4b97578",
    "data": [
      {
        "text": "if ( ",
        "userDefined": false
      },
      {
        "text": "dog_age",
        "alias": "any",
        "meta": "@sys.any",
        "userDefined": true
      },
      {
        "text": "  \u003c ",
        "userDefined": false
      },
      {
        "text": "cat_age",
        "alias": "any1",
        "meta": "@sys.any",
        "userDefined": true
      },
      {
        "text": " ),",
        "userDefined": false
      }
    ],
    "isTemplate": false,
    "count": 0,
    "updated": 1548235293
  },
  {
    "id": "c13b81f1-38d4-4409-a9ad-592305b6daad",
    "data": [
      {
        "text": "if ( ",
        "userDefined": false
      },
      {
        "text": "any1",
        "alias": "any",
        "meta": "@sys.any",
        "userDefined": true
      },
      {
        "text": "  \u003c  ",
        "userDefined": false
      },
      {
        "text": "any2",
        "alias": "any1",
        "meta": "@sys.any",
        "userDefined": true
      },
      {
        "text": " ):",
        "userDefined": false
      }
    ],
    "isTemplate": false,
    "count": 0,
    "updated": 1548235293
  },
  {
    "id": "ff86ab43-8adc-45b4-bf1b-30f6f773653f",
    "data": [
      {
        "text": " if ",
        "userDefined": false
      },
      {
        "text": "e.errno",
        "alias": "any",
        "meta": "@sys.any",
        "userDefined": true
      },
      {
        "text": " is not greater than ",
        "userDefined": false
      },
      {
        "text": "errno.EEXIST",
        "alias": "any1",
        "meta": "@sys.any",
        "userDefined": true
      },
      {
        "text": ",",
        "userDefined": false
      }
    ],
    "isTemplate": false,
    "count": 0,
    "updated": 1548235293
  }
]