[
  {
    "id": "ebf260fd-fcaf-4f34-af6d-a9f5f11d271a",
    "data": [
      {
        "text": "not the case of ",
        "userDefined": false
      },
      {
        "text": "any",
        "alias": "Test",
        "meta": "@Test",
        "userDefined": true
      },
      {
        "text": " is not true,",
        "userDefined": false
      }
    ],
    "isTemplate": false,
    "count": 0,
    "updated": 1548248947
  },
  {
    "id": "a35ac872-ac89-45af-ba08-16dfa9ae81d4",
    "data": [
      {
        "text": "IF ",
        "userDefined": false
      },
      {
        "text": "any",
        "alias": "Test",
        "meta": "@Test",
        "userDefined": true
      },
      {
        "text": " is not FALSE",
        "userDefined": false
      }
    ],
    "isTemplate": false,
    "count": 0,
    "updated": 1548248947
  },
  {
    "id": "804a066b-82ec-44f8-a741-9c08f60a1fab",
    "data": [
      {
        "text": "if ",
        "userDefined": false
      },
      {
        "text": "using_sysrandom",
        "alias": "Test",
        "meta": "@Test",
        "userDefined": true
      },
      {
        "text": " is not false,",
        "userDefined": false
      }
    ],
    "isTemplate": false,
    "count": 0,
    "updated": 1548248947
  },
  {
    "id": "56c59caa-7fca-4035-92b1-8dc22b5fc0e4",
    "data": [
      {
        "text": "not the case of ",
        "userDefined": false
      },
      {
        "text": "any",
        "alias": "Test",
        "meta": "@Test",
        "userDefined": true
      },
      {
        "text": " is false,",
        "userDefined": false
      }
    ],
    "isTemplate": false,
    "count": 0,
    "updated": 1548248947
  },
  {
    "id": "998719e9-b084-4591-b45a-e62fcb0ca1db",
    "data": [
      {
        "text": "if ",
        "userDefined": false
      },
      {
        "text": "any",
        "alias": "Test",
        "meta": "@Test",
        "userDefined": true
      },
      {
        "text": " is ",
        "userDefined": false
      },
      {
        "text": "true",
        "meta": "@sys.ignore",
        "userDefined": true
      },
      {
        "text": ",",
        "userDefined": false
      }
    ],
    "isTemplate": false,
    "count": 0,
    "updated": 1548248947
  },
  {
    "id": "eba22b51-7684-4f69-a295-0003ade867c8",
    "data": [
      {
        "text": "IF ",
        "userDefined": false
      },
      {
        "text": "any",
        "alias": "Test",
        "meta": "@Test",
        "userDefined": true
      }
    ],
    "isTemplate": false,
    "count": 0,
    "updated": 1548248947
  },
  {
    "id": "7386f025-24a9-4eb7-9d6d-7be31901ebef",
    "data": [
      {
        "text": "IF (",
        "userDefined": false
      },
      {
        "text": "BOOL variable",
        "alias": "Test",
        "meta": "@Test",
        "userDefined": true
      },
      {
        "text": ")",
        "userDefined": false
      }
    ],
    "isTemplate": false,
    "count": 0,
    "updated": 1548248947
  },
  {
    "id": "e4927241-abcd-4506-a2d0-8228f77f84d6",
    "data": [
      {
        "text": "if ( ",
        "userDefined": false
      },
      {
        "text": "some condition",
        "alias": "Test",
        "meta": "@Test",
        "userDefined": true
      },
      {
        "text": " ):",
        "userDefined": false
      }
    ],
    "isTemplate": false,
    "count": 0,
    "updated": 1548248947
  },
  {
    "id": "53d110b0-8a3b-4fc2-addc-b0c7ca341d0e",
    "data": [
      {
        "text": "if (",
        "userDefined": false
      },
      {
        "text": "anything",
        "alias": "Test",
        "meta": "@Test",
        "userDefined": true
      },
      {
        "text": ")",
        "userDefined": false
      }
    ],
    "isTemplate": false,
    "count": 0,
    "updated": 1548248947
  },
  {
    "id": "9d31c469-b3d4-474c-ad4c-e8886972e04a",
    "data": [
      {
        "text": "IF ",
        "userDefined": false
      },
      {
        "text": "any statement",
        "alias": "Test",
        "meta": "@Test",
        "userDefined": true
      }
    ],
    "isTemplate": false,
    "count": 0,
    "updated": 1548248947
  },
  {
    "id": "3dc8f433-7df8-4dbd-b658-6585c9f0876e",
    "data": [
      {
        "text": "if ",
        "userDefined": false
      },
      {
        "text": "true",
        "meta": "@sys.ignore",
        "userDefined": true
      },
      {
        "text": ",",
        "userDefined": false
      }
    ],
    "isTemplate": false,
    "count": 0,
    "updated": 1548249046
  },
  {
    "id": "4b89c34f-17db-4dc9-9aae-ae573f33e665",
    "data": [
      {
        "text": "if ",
        "userDefined": false
      },
      {
        "text": "something",
        "meta": "@sys.ignore",
        "userDefined": true
      }
    ],
    "isTemplate": false,
    "count": 0,
    "updated": 1548249046
  }
]