[
  {
    "id": "2d7d399b-4a6d-4d24-aff6-33040d7bd611",
    "data": [
      {
        "text": "if ",
        "userDefined": false
      },
      {
        "text": "man",
        "alias": "any",
        "meta": "@sys.any",
        "userDefined": true
      },
      {
        "text": " and ",
        "userDefined": false
      },
      {
        "text": "nam",
        "alias": "any1",
        "meta": "@sys.any",
        "userDefined": true
      },
      {
        "text": " are different",
        "userDefined": false
      }
    ],
    "isTemplate": false,
    "count": 0,
    "updated": 1549031763
  },
  {
    "id": "52238808-a37e-4507-b9c3-eb4facf474ef",
    "data": [
      {
        "text": "if ",
        "userDefined": false
      },
      {
        "text": "moon",
        "alias": "any",
        "meta": "@sys.any",
        "userDefined": true
      },
      {
        "text": " is not same as ",
        "userDefined": false
      },
      {
        "text": "sun",
        "alias": "any1",
        "meta": "@sys.any",
        "userDefined": true
      },
      {
        "text": ":",
        "userDefined": false
      }
    ],
    "isTemplate": false,
    "count": 0,
    "updated": 1548233758
  },
  {
    "id": "0a7bb0fb-b705-4e66-bdfc-e3f8c6d23460",
    "data": [
      {
        "text": "if ",
        "userDefined": false
      },
      {
        "text": "van",
        "alias": "any",
        "meta": "@sys.any",
        "userDefined": true
      },
      {
        "text": " is different with ",
        "userDefined": false
      },
      {
        "text": "car",
        "alias": "any1",
        "meta": "@sys.any",
        "userDefined": true
      }
    ],
    "isTemplate": false,
    "count": 0,
    "updated": 1548233758
  },
  {
    "id": "ce52a7a9-09fc-438a-a329-7acd73a067d9",
    "data": [
      {
        "text": "if ",
        "userDefined": false
      },
      {
        "text": "rat",
        "alias": "any",
        "meta": "@sys.any",
        "userDefined": true
      },
      {
        "text": " is not similar to ",
        "userDefined": false
      },
      {
        "text": "cat",
        "alias": "any1",
        "meta": "@sys.any",
        "userDefined": true
      },
      {
        "text": ",",
        "userDefined": false
      }
    ],
    "isTemplate": false,
    "count": 0,
    "updated": 1548233758
  },
  {
    "id": "ffb06041-f099-4f80-8f0b-3b7123be206e",
    "data": [
      {
        "text": "if ",
        "userDefined": false
      },
      {
        "text": "square",
        "alias": "any",
        "meta": "@sys.any",
        "userDefined": true
      },
      {
        "text": " is not ",
        "userDefined": false
      },
      {
        "text": "wheel",
        "alias": "any1",
        "meta": "@sys.any",
        "userDefined": true
      },
      {
        "text": ":",
        "userDefined": false
      }
    ],
    "isTemplate": false,
    "count": 0,
    "updated": 1548233758
  },
  {
    "id": "aa88095a-cb06-4db3-a1aa-0c3caf915fee",
    "data": [
      {
        "text": "not the case that ",
        "userDefined": false
      },
      {
        "text": "some1",
        "alias": "any",
        "meta": "@sys.any",
        "userDefined": true
      },
      {
        "text": " is equal to ",
        "userDefined": false
      },
      {
        "text": "some2",
        "alias": "any1",
        "meta": "@sys.any",
        "userDefined": true
      }
    ],
    "isTemplate": false,
    "count": 0,
    "updated": 1548233417
  },
  {
    "id": "bd3af8cc-86ab-48df-8885-8496c4617010",
    "data": [
      {
        "text": "if ",
        "userDefined": false
      },
      {
        "text": "size of c_ulong",
        "alias": "any",
        "meta": "@sys.any",
        "userDefined": true
      },
      {
        "text": " does not equals to  ",
        "userDefined": false
      },
      {
        "text": "Size of c_void_p",
        "alias": "any1",
        "meta": "@sys.any",
        "userDefined": true
      },
      {
        "text": ",",
        "userDefined": false
      }
    ],
    "isTemplate": false,
    "count": 0,
    "updated": 1548233417
  },
  {
    "id": "0fa822b8-a079-409e-82c9-b510ee46854b",
    "data": [
      {
        "text": "if ( ",
        "userDefined": false
      },
      {
        "text": "dog_age",
        "alias": "any",
        "meta": "@sys.any",
        "userDefined": true
      },
      {
        "text": " !\u003d\u003d ",
        "userDefined": false
      },
      {
        "text": "cat_age",
        "alias": "any1",
        "meta": "@sys.any",
        "userDefined": true
      },
      {
        "text": " ),",
        "userDefined": false
      }
    ],
    "isTemplate": false,
    "count": 0,
    "updated": 1548233417
  },
  {
    "id": "11a778e5-da6b-4a90-91cb-5443f9b9d65b",
    "data": [
      {
        "text": "if ( ",
        "userDefined": false
      },
      {
        "text": "any1",
        "alias": "any",
        "meta": "@sys.any",
        "userDefined": true
      },
      {
        "text": " !\u003d ",
        "userDefined": false
      },
      {
        "text": "any2",
        "alias": "any1",
        "meta": "@sys.any",
        "userDefined": true
      },
      {
        "text": " ):",
        "userDefined": false
      }
    ],
    "isTemplate": false,
    "count": 0,
    "updated": 1548233417
  },
  {
    "id": "4a0f00be-8c09-425f-ba08-78a412b23c94",
    "data": [
      {
        "text": "if ",
        "userDefined": false
      },
      {
        "text": "e.errno",
        "alias": "any",
        "meta": "@sys.any",
        "userDefined": true
      },
      {
        "text": " is not equal to ",
        "userDefined": false
      },
      {
        "text": "errno.EEXIST",
        "alias": "any1",
        "meta": "@sys.any",
        "userDefined": true
      },
      {
        "text": ",",
        "userDefined": false
      }
    ],
    "isTemplate": false,
    "count": 0,
    "updated": 1548233417
  }
]