[
  {
    "id": "b3f8ffb3-d0bf-48f7-8ca1-c51ac888d459",
    "data": [
      {
        "text": "import ",
        "userDefined": false
      },
      {
        "text": "confusion_matrix",
        "alias": "Modules",
        "meta": "@Modules",
        "userDefined": true
      },
      {
        "text": " from sklearn",
        "userDefined": false
      }
    ],
    "isTemplate": false,
    "count": 0,
    "updated": 1549645596
  },
  {
    "id": "97943280-321f-4394-a24a-b0b9a45f44fd",
    "data": [
      {
        "text": "use a ",
        "userDefined": false
      },
      {
        "text": "preprocessing library",
        "alias": "Modules",
        "meta": "@Modules",
        "userDefined": true
      }
    ],
    "isTemplate": false,
    "count": 0,
    "updated": 1549639806
  },
  {
    "id": "5927f7e4-36c6-490e-a99d-5a8654efb67c",
    "data": [
      {
        "text": "from sklearn import ",
        "userDefined": false
      },
      {
        "text": "preprocessing",
        "alias": "Modules",
        "meta": "@Modules",
        "userDefined": true
      }
    ],
    "isTemplate": false,
    "count": 0,
    "updated": 1549639806
  },
  {
    "id": "354dd10a-0dcf-4fe4-ab83-a8be9883f384",
    "data": [
      {
        "text": "import library ",
        "userDefined": false
      },
      {
        "text": "DataVisualization",
        "alias": "Modules",
        "meta": "@Modules",
        "userDefined": true
      }
    ],
    "isTemplate": false,
    "count": 0,
    "updated": 1549638401
  },
  {
    "id": "22b3cb11-40ce-494c-ad94-d6f858b3273c",
    "data": [
      {
        "text": "import ",
        "userDefined": false
      },
      {
        "text": "given_package",
        "alias": "Modules",
        "meta": "@Modules",
        "userDefined": true
      }
    ],
    "isTemplate": false,
    "count": 0,
    "updated": 1549035392
  },
  {
    "id": "572c2625-9a83-4478-b2de-b106ac1f05f9",
    "data": [
      {
        "text": "import ",
        "userDefined": false
      },
      {
        "text": "package_name",
        "alias": "Modules",
        "meta": "@Modules",
        "userDefined": true
      }
    ],
    "isTemplate": false,
    "count": 0,
    "updated": 1549035392
  },
  {
    "id": "7ac3f28b-c2ef-4fb2-8d1a-b23c389d04bd",
    "data": [
      {
        "text": "using a ",
        "userDefined": false
      },
      {
        "text": "given_module_name",
        "alias": "Modules",
        "meta": "@Modules",
        "userDefined": true
      }
    ],
    "isTemplate": false,
    "count": 0,
    "updated": 1549035392
  },
  {
    "id": "a8ec5fd0-5346-42fb-b5a6-38eef7cda8e6",
    "data": [
      {
        "text": "load ",
        "userDefined": false
      },
      {
        "text": "FuzzyWuzzy",
        "alias": "Modules",
        "meta": "@Modules",
        "userDefined": true
      }
    ],
    "isTemplate": false,
    "count": 0,
    "updated": 1546084449
  },
  {
    "id": "d2d0df8b-fdf0-491c-a067-e90d17a0e649",
    "data": [
      {
        "text": "by using ",
        "userDefined": false
      },
      {
        "text": "os",
        "alias": "Modules",
        "meta": "@Modules",
        "userDefined": true
      }
    ],
    "isTemplate": false,
    "count": 0,
    "updated": 1546084449
  },
  {
    "id": "5397363e-2015-4cd9-96bd-cb3934451eaf",
    "data": [
      {
        "text": "use ",
        "userDefined": false
      },
      {
        "text": "module_name",
        "alias": "Modules",
        "meta": "@Modules",
        "userDefined": true
      }
    ],
    "isTemplate": false,
    "count": 0,
    "updated": 1546084449
  },
  {
    "id": "b2e0fcfe-1476-40e0-8723-1c94ecbac0ec",
    "data": [
      {
        "text": "import ",
        "userDefined": false
      },
      {
        "text": "module",
        "alias": "Modules",
        "meta": "@Modules",
        "userDefined": true
      }
    ],
    "isTemplate": false,
    "count": 0,
    "updated": 1546084449
  }
]