[
  {
    "id": "ef3e3f6e-daf4-4d0d-964f-49dffa57c6fa",
    "data": [
      {
        "text": "define variable df and read ",
        "userDefined": false
      },
      {
        "text": "data set",
        "alias": "Dataset_Name",
        "meta": "@Dataset_Name",
        "userDefined": true
      },
      {
        "text": " file",
        "userDefined": false
      }
    ],
    "isTemplate": false,
    "count": 0,
    "updated": 1550852746
  },
  {
    "id": "100f54dc-3d94-4647-8990-49b4159b94e1",
    "data": [
      {
        "text": "refer to the ",
        "userDefined": false
      },
      {
        "text": "uploaded data set",
        "alias": "Dataset_Name",
        "meta": "@Dataset_Name",
        "userDefined": true
      }
    ],
    "isTemplate": false,
    "count": 0,
    "updated": 1549036348
  },
  {
    "id": "49d7fbf2-a29e-4bf6-9bc8-349e9bf5909c",
    "data": [
      {
        "text": "by using the given ",
        "userDefined": false
      },
      {
        "text": "CSV file",
        "alias": "Dataset_Name",
        "meta": "@Dataset_Name",
        "userDefined": true
      },
      {
        "text": " as the data set",
        "userDefined": false
      }
    ],
    "isTemplate": false,
    "count": 0,
    "updated": 1549036348
  },
  {
    "id": "928ae75c-02e0-44d1-b461-190c7fd5bfcd",
    "data": [
      {
        "text": "source file \u003d ",
        "userDefined": false
      },
      {
        "text": "dataset",
        "alias": "Dataset_Name",
        "meta": "@Dataset_Name",
        "userDefined": true
      }
    ],
    "isTemplate": false,
    "count": 0,
    "updated": 1549036348
  },
  {
    "id": "7b87e6ab-8f0d-419b-918c-a841b6518479",
    "data": [
      {
        "text": "using the given ",
        "userDefined": false
      },
      {
        "text": "csv",
        "alias": "Dataset_Name",
        "meta": "@Dataset_Name",
        "userDefined": true
      },
      {
        "text": " file",
        "userDefined": false
      }
    ],
    "isTemplate": false,
    "count": 0,
    "updated": 1549036348
  },
  {
    "id": "c84e5c8d-4820-4cbb-905e-73079de483d5",
    "data": [
      {
        "text": "load ",
        "userDefined": false
      },
      {
        "text": "data set",
        "alias": "Dataset_Name",
        "meta": "@Dataset_Name",
        "userDefined": true
      },
      {
        "text": " as ds",
        "userDefined": false
      }
    ],
    "isTemplate": false,
    "count": 0,
    "updated": 1549036348
  },
  {
    "id": "c4172c3d-ab7c-4286-8ad5-a66d8bdb5787",
    "data": [
      {
        "text": "load ",
        "userDefined": false
      },
      {
        "text": "data set",
        "alias": "Dataset_Name",
        "meta": "@Dataset_Name",
        "userDefined": true
      }
    ],
    "isTemplate": false,
    "count": 0,
    "updated": 1549036348
  },
  {
    "id": "06984cb4-e12c-4d6d-b6aa-d1726bd421d7",
    "data": [
      {
        "text": "read ",
        "userDefined": false
      },
      {
        "text": "dataset",
        "alias": "Dataset_Name",
        "meta": "@Dataset_Name",
        "userDefined": true
      }
    ],
    "isTemplate": false,
    "count": 0,
    "updated": 1546111693
  },
  {
    "id": "230b4b09-13ee-48a9-921e-789e2707d833",
    "data": [
      {
        "text": "dataset \u003d ",
        "userDefined": false
      },
      {
        "text": "dataset_name",
        "alias": "Dataset_Name",
        "meta": "@Dataset_Name",
        "userDefined": true
      }
    ],
    "isTemplate": false,
    "count": 0,
    "updated": 1545972269
  },
  {
    "id": "a96c2009-d0ac-4a5e-a28d-da00173cd319",
    "data": [
      {
        "text": "loading dataset ",
        "userDefined": false
      },
      {
        "text": "ds1",
        "alias": "Dataset_Name",
        "meta": "@Dataset_Name",
        "userDefined": true
      }
    ],
    "isTemplate": false,
    "count": 0,
    "updated": 1545972269
  },
  {
    "id": "b6fb1748-23dc-4cb3-8da8-ee3aa60f2838",
    "data": [
      {
        "text": "Build the model by using the ",
        "userDefined": false
      },
      {
        "text": "dataset",
        "alias": "Dataset_Name",
        "meta": "@Dataset_Name",
        "userDefined": true
      }
    ],
    "isTemplate": false,
    "count": 0,
    "updated": 1545737766
  },
  {
    "id": "cdbe792a-bc22-43e9-916e-8621e71fed0c",
    "data": [
      {
        "text": "use given dataset",
        "userDefined": false
      }
    ],
    "isTemplate": false,
    "count": 0,
    "updated": 1545737766
  },
  {
    "id": "f785dae5-7c62-4936-b64d-34f0c4108108",
    "data": [
      {
        "text": "Load dataset",
        "userDefined": false
      }
    ],
    "isTemplate": false,
    "count": 0,
    "updated": 1545737766
  }
]