[
  {
    "id": "cbecd391-2e8e-4462-a4b7-621b356c1a29",
    "data": [
      {
        "text": "apply numerization for required ",
        "userDefined": false
      },
      {
        "text": "columns",
        "meta": "@sys.ignore",
        "userDefined": false
      }
    ],
    "isTemplate": false,
    "count": 0,
    "updated": 1550495546
  },
  {
    "id": "4df6fae6-21ca-47a4-85cc-81d9a19f384a",
    "data": [
      {
        "text": "numerize uploaded ",
        "userDefined": false
      },
      {
        "text": "dataset",
        "meta": "@sys.ignore",
        "userDefined": false
      }
    ],
    "isTemplate": false,
    "count": 0,
    "updated": 1550495546
  },
  {
    "id": "f6da0823-5dfb-458e-a9bd-b39ea5a0530f",
    "data": [
      {
        "text": "encode object type attributes as numeric",
        "userDefined": false
      }
    ],
    "isTemplate": false,
    "count": 2,
    "updated": 1550494309
  },
  {
    "id": "9d1250bc-1ee9-4031-98e8-0bee6bb5b00f",
    "data": [
      {
        "text": "numerize feature set",
        "userDefined": false
      }
    ],
    "isTemplate": false,
    "count": 0,
    "updated": 1549724226
  },
  {
    "id": "99edf65f-ce27-4993-a0b6-411a1940ec5b",
    "data": [
      {
        "text": "numerize dataset",
        "userDefined": false
      }
    ],
    "isTemplate": false,
    "count": 0,
    "updated": 1549724226
  },
  {
    "id": "804c77f9-c188-4996-8cbc-322b6140986c",
    "data": [
      {
        "text": "numerize if necessary",
        "userDefined": false
      }
    ],
    "isTemplate": false,
    "count": 0,
    "updated": 1549724226
  },
  {
    "id": "2e9d8a50-43d0-4164-b9be-4cbd4c5d68bc",
    "data": [
      {
        "text": "apply numerization",
        "userDefined": false
      }
    ],
    "isTemplate": false,
    "count": 0,
    "updated": 1549724226
  },
  {
    "id": "caf405f8-ade8-44e0-939a-8d4ba30e6cf8",
    "data": [
      {
        "text": "numerize ",
        "userDefined": false
      },
      {
        "text": "dataframe",
        "meta": "@sys.ignore",
        "userDefined": false
      },
      {
        "text": " ",
        "userDefined": false
      },
      {
        "text": "column",
        "meta": "@sys.ignore",
        "userDefined": false
      },
      {
        "text": " and reassign ",
        "userDefined": false
      },
      {
        "text": "dataframe",
        "meta": "@sys.ignore",
        "userDefined": false
      },
      {
        "text": " ",
        "userDefined": false
      },
      {
        "text": "column",
        "meta": "@sys.ignore",
        "userDefined": false
      }
    ],
    "isTemplate": false,
    "count": 0,
    "updated": 1549724226
  },
  {
    "id": "24c6cc27-748b-47b2-8da3-0bca3f5bc25a",
    "data": [
      {
        "text": "to encode object type columns as numeric",
        "userDefined": false
      }
    ],
    "isTemplate": false,
    "count": 0,
    "updated": 1549445958
  }
]