[
  {
    "id": "a76461b0-cf67-4bc2-bc72-b9aa4b386b90",
    "data": [
      {
        "text": "convert categorical data in ",
        "userDefined": false
      },
      {
        "text": "column3",
        "alias": "ds_attributes",
        "meta": "@ds_attributes",
        "userDefined": true
      },
      {
        "text": ", ",
        "userDefined": false
      },
      {
        "text": "column4",
        "alias": "ds_attributes",
        "meta": "@ds_attributes",
        "userDefined": true
      },
      {
        "text": ", ",
        "userDefined": false
      },
      {
        "text": "column7",
        "alias": "ds_attributes",
        "meta": "@ds_attributes",
        "userDefined": true
      },
      {
        "text": " to numerical data",
        "userDefined": false
      }
    ],
    "isTemplate": false,
    "count": 0,
    "updated": 1550982145
  },
  {
    "id": "851ccc7e-5f14-4f67-a94c-8b8b673dd18b",
    "data": [
      {
        "text": "columns",
        "meta": "@sys.ignore",
        "userDefined": false
      },
      {
        "text": " to be numerized \u003d ",
        "userDefined": false
      },
      {
        "text": "3",
        "alias": "ds_attributes",
        "meta": "@ds_attributes",
        "userDefined": true
      },
      {
        "text": ", ",
        "userDefined": false
      },
      {
        "text": "5",
        "alias": "ds_attributes",
        "meta": "@ds_attributes",
        "userDefined": true
      }
    ],
    "isTemplate": false,
    "count": 0,
    "updated": 1550496190
  },
  {
    "id": "84e5dfdb-4b0d-4e9b-8a3a-7983c48f314b",
    "data": [
      {
        "text": "numerize ",
        "userDefined": false
      },
      {
        "text": "column1",
        "alias": "ds_attributes",
        "meta": "@ds_attributes",
        "userDefined": true
      },
      {
        "text": " to ",
        "userDefined": false
      },
      {
        "text": "column 5",
        "alias": "ds_attributes",
        "meta": "@ds_attributes",
        "userDefined": true
      }
    ],
    "isTemplate": false,
    "count": 0,
    "updated": 1550496190
  },
  {
    "id": "9770ad0a-47e9-46c9-bee4-195ff114c3e3",
    "data": [
      {
        "text": "apply numerization to ",
        "userDefined": false
      },
      {
        "text": "column1",
        "alias": "ds_attributes",
        "meta": "@ds_attributes",
        "userDefined": true
      },
      {
        "text": " and ",
        "userDefined": false
      },
      {
        "text": "column2",
        "alias": "ds_attributes",
        "meta": "@ds_attributes",
        "userDefined": true
      }
    ],
    "isTemplate": false,
    "count": 0,
    "updated": 1550496190
  },
  {
    "id": "ad3d45de-1917-4e27-8878-dd34e9c104e1",
    "data": [
      {
        "text": "features to be numerized \u003d ",
        "userDefined": false
      },
      {
        "text": "name",
        "alias": "ds_attributes",
        "meta": "@ds_attributes",
        "userDefined": true
      },
      {
        "text": ", ",
        "userDefined": false
      },
      {
        "text": "age",
        "alias": "ds_attributes",
        "meta": "@ds_attributes",
        "userDefined": true
      },
      {
        "text": ", ",
        "userDefined": false
      },
      {
        "text": "place",
        "alias": "ds_attributes",
        "meta": "@ds_attributes",
        "userDefined": true
      }
    ],
    "isTemplate": false,
    "count": 0,
    "updated": 1550496190
  },
  {
    "id": "dab2f74e-85d8-43aa-a9fd-e5440f331d2b",
    "data": [
      {
        "text": "numerize ",
        "userDefined": false
      },
      {
        "text": "attribute 1",
        "alias": "ds_attributes",
        "meta": "@ds_attributes",
        "userDefined": true
      },
      {
        "text": ", ",
        "userDefined": false
      },
      {
        "text": "attribute 2",
        "alias": "ds_attributes",
        "meta": "@ds_attributes",
        "userDefined": true
      },
      {
        "text": ", ",
        "userDefined": false
      },
      {
        "text": "attribute 3",
        "alias": "ds_attributes",
        "meta": "@ds_attributes",
        "userDefined": true
      },
      {
        "text": " and ",
        "userDefined": false
      },
      {
        "text": "attribute 5",
        "alias": "ds_attributes",
        "meta": "@ds_attributes",
        "userDefined": true
      }
    ],
    "isTemplate": false,
    "count": 1,
    "updated": 1550496190
  },
  {
    "id": "dcc95524-0c16-4f91-bf8a-6628180ef1b7",
    "data": [
      {
        "text": "numerize ",
        "userDefined": false
      },
      {
        "text": "column1",
        "alias": "ds_attributes",
        "meta": "@ds_attributes",
        "userDefined": true
      },
      {
        "text": " and ",
        "userDefined": false
      },
      {
        "text": "column 5",
        "alias": "ds_attributes",
        "meta": "@ds_attributes",
        "userDefined": true
      },
      {
        "text": " in uploaded ",
        "userDefined": false
      },
      {
        "text": "dataset",
        "meta": "@sys.ignore",
        "userDefined": false
      }
    ],
    "isTemplate": false,
    "count": 0,
    "updated": 1550496190
  },
  {
    "id": "c55b76cd-025e-4f85-8c47-81321509dabc",
    "data": [
      {
        "text": "numerize ",
        "userDefined": false
      },
      {
        "text": "4444",
        "alias": "ds_attributes",
        "meta": "@ds_attributes",
        "userDefined": true
      },
      {
        "text": " and ",
        "userDefined": false
      },
      {
        "text": "9999",
        "alias": "ds_attributes",
        "meta": "@ds_attributes",
        "userDefined": true
      },
      {
        "text": " in data ",
        "userDefined": false
      },
      {
        "text": "set",
        "meta": "@sys.ignore",
        "userDefined": false
      }
    ],
    "isTemplate": false,
    "count": 0,
    "updated": 1550496190
  }
]