[
  {
    "id": "6d3de06b-91c2-4575-b82e-c55ad9b18ae1",
    "data": [
      {
        "text": "create a variable named training and assign ",
        "userDefined": false
      },
      {
        "text": "0.67",
        "alias": "number",
        "meta": "@sys.number",
        "userDefined": true
      },
      {
        "text": " to train",
        "userDefined": false
      }
    ],
    "isTemplate": false,
    "count": 0,
    "updated": 1550913379
  },
  {
    "id": "ee8b3efb-c973-4ca9-810e-d67758eb99a9",
    "data": [
      {
        "text": "split size for training \u003d ",
        "userDefined": false
      },
      {
        "text": "0.85",
        "alias": "number",
        "meta": "@sys.number",
        "userDefined": true
      }
    ],
    "isTemplate": false,
    "count": 0,
    "updated": 1550913379
  },
  {
    "id": "41c1b441-4695-4e69-acbe-9e1b10f00ee9",
    "data": [
      {
        "text": "declare a floating point variable called train_set and assign ",
        "userDefined": false
      },
      {
        "text": "0.78",
        "alias": "number",
        "meta": "@sys.number",
        "userDefined": true
      },
      {
        "text": " to it",
        "userDefined": false
      }
    ],
    "isTemplate": false,
    "count": 0,
    "updated": 1550563009
  },
  {
    "id": "54668e84-a6b0-4a97-bfdf-48f5b493338b",
    "data": [
      {
        "text": "split dataset in to train and test with ratio ",
        "userDefined": false
      },
      {
        "text": "0.4",
        "alias": "number",
        "meta": "@sys.number",
        "userDefined": true
      }
    ],
    "isTemplate": false,
    "count": 0,
    "updated": 1550562931
  },
  {
    "id": "2983eac1-cf6e-4515-b616-a341fa42f757",
    "data": [
      {
        "text": "split dataset by allocating ",
        "userDefined": false
      },
      {
        "text": "55%",
        "alias": "percentage",
        "meta": "@sys.percentage",
        "userDefined": true
      },
      {
        "text": " for training",
        "userDefined": false
      }
    ],
    "isTemplate": false,
    "count": 0,
    "updated": 1550562931
  },
  {
    "id": "eeefc05e-fbe3-466b-bbba-87b819f132e8",
    "data": [
      {
        "text": "use ",
        "userDefined": false
      },
      {
        "text": "78%",
        "alias": "percentage",
        "meta": "@sys.percentage",
        "userDefined": true
      },
      {
        "text": " of the source data to learning",
        "userDefined": false
      }
    ],
    "isTemplate": false,
    "count": 0,
    "updated": 1550562673
  },
  {
    "id": "9ce3f232-4f27-4c6f-982e-d6e42d74e566",
    "data": [
      {
        "text": "train",
        "meta": "@sys.ignore",
        "userDefined": true
      },
      {
        "text": " set is ",
        "userDefined": false
      },
      {
        "text": "0.79",
        "alias": "number",
        "meta": "@sys.number",
        "userDefined": true
      }
    ],
    "isTemplate": false,
    "count": 0,
    "updated": 1549038176
  },
  {
    "id": "f0e07c41-71fc-45a7-ac7b-cfbff16f9e4e",
    "data": [
      {
        "text": "use ",
        "userDefined": false
      },
      {
        "text": "60%",
        "alias": "percentage",
        "meta": "@sys.percentage",
        "userDefined": true
      },
      {
        "text": " data for training",
        "userDefined": false
      }
    ],
    "isTemplate": false,
    "count": 0,
    "updated": 1549038176
  },
  {
    "id": "e828801e-c458-4540-82a6-0794952f3d04",
    "data": [
      {
        "text": "use ",
        "userDefined": false
      },
      {
        "text": "0.2",
        "alias": "number",
        "meta": "@sys.number",
        "userDefined": false
      },
      {
        "text": " of data for build the model",
        "userDefined": false
      }
    ],
    "isTemplate": false,
    "count": 0,
    "updated": 1548776992
  },
  {
    "id": "23803766-8b78-46db-9980-15708477f112",
    "data": [
      {
        "text": "training set \u003d ",
        "userDefined": false
      },
      {
        "text": "0.4",
        "alias": "number",
        "meta": "@sys.number",
        "userDefined": false
      }
    ],
    "isTemplate": false,
    "count": 0,
    "updated": 1548776992
  },
  {
    "id": "2ab88445-252d-419e-a9de-f622c89aa648",
    "data": [
      {
        "text": "train/test ratio \u003d ",
        "userDefined": false
      },
      {
        "text": "0.48",
        "alias": "number",
        "meta": "@sys.number",
        "userDefined": false
      }
    ],
    "isTemplate": false,
    "count": 0,
    "updated": 1550226297
  },
  {
    "id": "c165e58c-1acb-4fcc-81d4-dcd5357c0e45",
    "data": [
      {
        "text": "allocate ",
        "userDefined": false
      },
      {
        "text": "60%",
        "alias": "percentage",
        "meta": "@sys.percentage",
        "userDefined": false
      },
      {
        "text": " for training",
        "userDefined": false
      }
    ],
    "isTemplate": false,
    "count": 0,
    "updated": 1545991698
  },
  {
    "id": "40b015c1-06ea-45f6-b7a7-80cf58612ebf",
    "data": [
      {
        "text": "train ",
        "userDefined": false
      },
      {
        "text": "80%",
        "alias": "percentage",
        "meta": "@sys.percentage",
        "userDefined": false
      }
    ],
    "isTemplate": false,
    "count": 0,
    "updated": 1545991698
  },
  {
    "id": "2126ab42-f230-42cb-aff2-76c1d0d19520",
    "data": [
      {
        "text": "define a floating point variable train and assign ",
        "userDefined": false
      },
      {
        "text": "0.89",
        "alias": "number",
        "meta": "@sys.number",
        "userDefined": true
      }
    ],
    "isTemplate": false,
    "count": 0,
    "updated": 1549038176
  },
  {
    "id": "44d1b959-077a-4ba6-916f-abb21beff75f",
    "data": [
      {
        "text": "define double variable called train with value ",
        "userDefined": false
      },
      {
        "text": "0.78",
        "alias": "number",
        "meta": "@sys.number",
        "userDefined": true
      }
    ],
    "isTemplate": false,
    "count": 0,
    "updated": 1549038176
  },
  {
    "id": "a93ce921-f373-4456-adac-9a1afd68fb8f",
    "data": [
      {
        "text": "train ratio is ",
        "userDefined": false
      },
      {
        "text": "0.5",
        "alias": "number",
        "meta": "@sys.number",
        "userDefined": false
      }
    ],
    "isTemplate": false,
    "count": 0,
    "updated": 1545991698
  },
  {
    "id": "cde28483-7794-4a00-8d04-ddd83a1c3513",
    "data": [
      {
        "text": "use ",
        "userDefined": false
      },
      {
        "text": "0.8",
        "alias": "number",
        "meta": "@sys.number",
        "userDefined": false
      },
      {
        "text": " to train the model",
        "userDefined": false
      }
    ],
    "isTemplate": false,
    "count": 0,
    "updated": 1545991698
  },
  {
    "id": "c23c73ca-4adc-4703-abf8-4a184d0a6ea1",
    "data": [
      {
        "text": "0.75",
        "alias": "number",
        "meta": "@sys.number",
        "userDefined": true
      },
      {
        "text": " for training",
        "userDefined": false
      }
    ],
    "isTemplate": false,
    "count": 0,
    "updated": 1545991698
  },
  {
    "id": "12f65d7f-8ecc-45c7-b87b-c5888976b4f9",
    "data": [
      {
        "text": "train size \u003d ",
        "userDefined": false
      },
      {
        "text": "0.7",
        "alias": "number",
        "meta": "@sys.number",
        "userDefined": false
      }
    ],
    "isTemplate": false,
    "count": 0,
    "updated": 1545991698
  }
]