[
  {
    "id": "0a846954-7f77-4103-885f-4f6aaa928a72",
    "data": [
      {
        "text": "value of train is ",
        "userDefined": false
      },
      {
        "text": "0.75",
        "alias": "number",
        "meta": "@sys.number",
        "userDefined": false
      }
    ],
    "isTemplate": false,
    "count": 0,
    "updated": 1545991903
  },
  {
    "id": "84b63dd2-1577-4360-bf9e-c5866ca3b783",
    "data": [
      {
        "text": "train \u003d ",
        "userDefined": false
      },
      {
        "text": "0.67",
        "alias": "number",
        "meta": "@sys.number",
        "userDefined": false
      }
    ],
    "isTemplate": false,
    "count": 0,
    "updated": 1545991903
  },
  {
    "id": "854d98ff-312c-44de-8a93-00c66efc4406",
    "data": [
      {
        "text": "assign ",
        "userDefined": false
      },
      {
        "text": "0.9",
        "alias": "number",
        "meta": "@sys.number",
        "userDefined": false
      },
      {
        "text": " to double variable x",
        "userDefined": false
      }
    ],
    "isTemplate": false,
    "count": 0,
    "updated": 1545991761
  }
]