[
  {
    "id": "8e8df9b5-b507-47d6-aa8f-8253f8aa2aad",
    "data": [
      {
        "text": "create the model",
        "userDefined": false
      }
    ],
    "isTemplate": false,
    "count": 0,
    "updated": 1547464309
  },
  {
    "id": "87641bd7-203b-467c-adfe-505d701674cb",
    "data": [
      {
        "text": "build model",
        "userDefined": false
      }
    ],
    "isTemplate": false,
    "count": 0,
    "updated": 1547464309
  },
  {
    "id": "a4b7655a-60f4-4130-ba97-e5bda506fa05",
    "data": [
      {
        "text": "implement ",
        "userDefined": false
      },
      {
        "text": "clustering",
        "meta": "@sys.ignore",
        "userDefined": true
      },
      {
        "text": " algorithm",
        "userDefined": false
      }
    ],
    "isTemplate": false,
    "count": 0,
    "updated": 1549038521
  },
  {
    "id": "412c1279-4ce4-4654-b78f-12e2a31c928c",
    "data": [
      {
        "text": "start above mentioned algorithm",
        "userDefined": false
      }
    ],
    "isTemplate": false,
    "count": 0,
    "updated": 1549038521
  },
  {
    "id": "a1fd2793-46c9-4cc1-99e9-446ef6c93589",
    "data": [
      {
        "text": "Apply ml algorithm to data set",
        "userDefined": false
      }
    ],
    "isTemplate": false,
    "count": 0,
    "updated": 1549038521
  },
  {
    "id": "4ee58761-2cd6-4777-8aff-7be3dbf144b7",
    "data": [
      {
        "text": "Begin clustering",
        "userDefined": false
      }
    ],
    "isTemplate": false,
    "count": 0,
    "updated": 1545739278
  },
  {
    "id": "7e85237f-6c1d-4de1-a2e4-00ea97ceb71b",
    "data": [
      {
        "text": "implement algorithm",
        "userDefined": false
      }
    ],
    "isTemplate": false,
    "count": 0,
    "updated": 1545739278
  },
  {
    "id": "3af36373-e503-4b75-8aca-01dae2abb603",
    "data": [
      {
        "text": "Apply algorithm",
        "userDefined": false
      }
    ],
    "isTemplate": false,
    "count": 0,
    "updated": 1545739278
  },
  {
    "id": "3bfbf4ff-0c78-46b4-be6e-51ba148c25f8",
    "data": [
      {
        "text": "Start classification",
        "userDefined": false
      }
    ],
    "isTemplate": false,
    "count": 0,
    "updated": 1545739278
  }
]