[
  {
    "id": "12293a49-4cd6-4dfd-8d17-15c809bb349c",
    "data": [
      {
        "text": "while ",
        "userDefined": false
      },
      {
        "text": "given condition",
        "alias": "any",
        "meta": "@sys.any",
        "userDefined": true
      },
      {
        "text": " is True",
        "userDefined": false
      }
    ],
    "isTemplate": false,
    "count": 0,
    "updated": 1550836997
  },
  {
    "id": "dde671eb-990f-466c-a9c8-3c330f8ac1e3",
    "data": [
      {
        "text": "do infinitely",
        "userDefined": false
      }
    ],
    "isTemplate": false,
    "count": 0,
    "updated": 1549038738
  },
  {
    "id": "87b43607-88da-429e-97b6-8e42715348a5",
    "data": [
      {
        "text": "while()",
        "userDefined": false
      }
    ],
    "isTemplate": false,
    "count": 0,
    "updated": 1545828230
  },
  {
    "id": "976b10ac-22e8-443d-9751-54b73aafff9b",
    "data": [
      {
        "text": "while ",
        "userDefined": false
      },
      {
        "text": "something",
        "alias": "any",
        "meta": "@sys.any",
        "userDefined": true
      },
      {
        "text": ":",
        "userDefined": false
      }
    ],
    "isTemplate": false,
    "count": 0,
    "updated": 1550836997
  },
  {
    "id": "ca13fa68-fe46-464b-b312-a336137f1e0f",
    "data": [
      {
        "text": "while (",
        "userDefined": false
      },
      {
        "text": "1",
        "alias": "number-integer",
        "meta": "@sys.number-integer",
        "userDefined": true
      },
      {
        "text": "):",
        "userDefined": false
      }
    ],
    "isTemplate": false,
    "count": 0,
    "updated": 1550836997
  },
  {
    "id": "de3e0ec7-63ba-4ac1-8e44-5e3b3944e216",
    "data": [
      {
        "text": "white",
        "meta": "@sys.ignore",
        "userDefined": false
      },
      {
        "text": " true",
        "userDefined": false
      }
    ],
    "isTemplate": false,
    "count": 0,
    "updated": 1550836997
  }
]