[
  {
    "value": "KNN",
    "synonyms": [
      "KNN",
      "k-nearest neghbors",
      "knn classification",
      "K-Nearest_Neighbor",
      "knn",
      "k-nearest neighbor",
      "k nearest neighbor"
    ]
  },
  {
    "value": "k-means",
    "synonyms": [
      "K-Means Clustering",
      "K-Means",
      "k means cluster"
    ]
  },
  {
    "value": "Decision Tree Classification",
    "synonyms": [
      "Decision Tree Classification",
      "DTC",
      "Decision Tree",
      "Decision Tree Classifier"
    ]
  },
  {
    "value": "SVM",
    "synonyms": [
      "SVM",
      "Support Vector Machine",
      "support vector"
    ]
  },
  {
    "value": "ANN",
    "synonyms": [
      "ANN",
      "Artificial Neural Network"
    ]
  },
  {
    "value": "naive bayes",
    "synonyms": [
      "naive bayes",
      "naive bayes classification",
      "Naive Bayes classifier",
      "Naive Bayes"
    ]
  },
  {
    "value": "DBSCAN",
    "synonyms": [
      "DBSCAN",
      "dbscan clustering"
    ]
  },
  {
    "value": "Random Forest",
    "synonyms": [
      "random forrest",
      "RF",
      "RF classification",
      "Random Forest Classification",
      "random forrest",
      "Random Forrest",
      "random forest classifier"
    ]
  },
  {
    "value": "MultinomialNB",
    "synonyms": [
      "MultinomialNB",
      "multinomial nb",
      "MultiNB"
    ]
  },
  {
    "value": "Logistic Regression",
    "synonyms": [
      "Logistic Regression",
      "logistic regression",
      "LogisticRegression",
      "logistic_regression",
      "Linear Classifier",
      "LR"
    ]
  },
  {
    "value": "LinearSVC",
    "synonyms": [
      "LinearSVC",
      "Linear SVC",
      "linear svc",
      "Linear_SVC"
    ]
  },
  {
    "value": "regression",
    "synonyms": [
      "regression",
      "Regression"
    ]
  },
  {
    "value": "Neural Network",
    "synonyms": [
      "neural network",
      "NN"
    ]
  },
  {
    "value": "Gaussian Naive Bayes",
    "synonyms": [
      "gaussian naive bayes",
      "GNB",
      "Gausian NB",
      "GausianNB"
    ]
  },
  {
    "value": "Multinomial Naive Bayes",
    "synonyms": [
      "Multinomial Naive Bayes",
      "MNB",
      "MultinomialNB"
    ]
  },
  {
    "value": "Radial SVC",
    "synonyms": [
      "Radial SVC",
      "RadialSVC",
      "radial svc",
      "RSVC"
    ]
  },
  {
    "value": "Random Forest",
    "synonyms": [
      "Random Forest"
    ]
  }
]