[
  {
    "value": "standard scaler",
    "synonyms": [
      "Standard Scaler",
      "standard_scaler_class",
      "standard_scaler",
      "StandardScaler"
    ]
  },
  {
    "value": "label encoder",
    "synonyms": [
      "label encoder class",
      "label_encoder_class",
      "Label Encoder",
      "LabelEncoder"
    ]
  },
  {
    "value": "tfidf transformer class",
    "synonyms": [
      "tfidf transformer class"
    ]
  },
  {
    "value": "some_class",
    "synonyms": [
      "some_class"
    ]
  },
  {
    "value": "burn class",
    "synonyms": [
      "burn class"
    ]
  },
  {
    "value": "depthclass",
    "synonyms": [
      "depthclass"
    ]
  },
  {
    "value": "tfidf transformer",
    "synonyms": [
      "tfidf transformer"
    ]
  },
  {
    "value": "lemmatizer",
    "synonyms": [
      "lemmatizer"
    ]
  },
  {
    "value": "goody",
    "synonyms": [
      "goody"
    ]
  },
  {
    "value": "rain",
    "synonyms": [
      "rain"
    ]
  },
  {
    "value": "preprocessing",
    "synonyms": [
      "preprocessing"
    ]
  }
]