[
  {
    "value": "9999",
    "synonyms": [
      "4444"
    ]
  },
  {
    "value": "SepalLengthCm",
    "synonyms": [
      "sepallengthcm",
      "column1"
    ]
  },
  {
    "value": "SepalWidthCm",
    "synonyms": [
      "sepalwidthcm",
      "column2"
    ]
  },
  {
    "value": "PetalLengthCm",
    "synonyms": [
      "petallengthcm",
      "column3"
    ]
  },
  {
    "value": "PetalWidthCm",
    "synonyms": [
      "petalwidthcm",
      "column4"
    ]
  },
  {
    "value": "Species",
    "synonyms": [
      "species",
      "column5"
    ]
  }
]