[
  {
    "value": "FuzzyWuzzy",
    "synonyms": [
      "FuzzyWuzzy"
    ]
  },
  {
    "value": "Flask",
    "synonyms": [
      "Flask",
      "flask"
    ]
  },
  {
    "value": "os",
    "synonyms": [
      "os"
    ]
  },
  {
    "value": "module_name",
    "synonyms": [
      "module_name"
    ]
  },
  {
    "value": "module",
    "synonyms": [
      "module"
    ]
  },
  {
    "value": "given_module_name",
    "synonyms": [
      "given_module_name"
    ]
  },
  {
    "value": "given_package",
    "synonyms": [
      "given_package"
    ]
  },
  {
    "value": "package_name",
    "synonyms": [
      "package_name"
    ]
  },
  {
    "value": "DataVisualization",
    "synonyms": [
      "DataVisualization",
      "data visualization library",
      "DataVisualization Library",
      "matplotlib",
      "Seaborn",
      "ggplot",
      "Bokeh",
      "pygal",
      "Plotly",
      "geoplotlib",
      "Gleam",
      "missingno",
      "Leather",
      "Data Visualization"
    ]
  },
  {
    "value": "MLlibrary TrainTestSplit",
    "synonyms": [
      "TrainTestSplit",
      "Train Test Split",
      "Train-Test Split",
      "train_test split",
      "train_test_split",
      "Train-Test Split"
    ]
  },
  {
    "value": "MLlibrary Preprocessing Scaler",
    "synonyms": [
      "Preprocessing Scaler",
      "PreprocessingScaler",
      "preprocessing_scaler",
      "preprocessing.scale",
      "preprocessing.Scale",
      "StandardScaler",
      "preprocessing.StandardScaler"
    ]
  },
  {
    "value": "preprocessing",
    "synonyms": [
      "preprocessing",
      "preprocessing library"
    ]
  },
  {
    "value": "MLlibrary Confusion Matrix",
    "synonyms": [
      "Confusion Matrix",
      "ConfusionMatrix",
      "confusion matrix",
      "confusion_matrix"
    ]
  },
  {
    "value": "MLlibrary Label Encoder",
    "synonyms": [
      "Label Encoder",
      "label encoder",
      "Label_Encoder",
      "labelencoder",
      "label_encoder",
      "LE",
      "le",
      "LabelEncoder"
    ]
  },
  {
    "value": "MLlibrary CountVectorizer",
    "synonyms": [
      "CountVectorizer",
      "Count Vectorizer",
      "count_vectorizer",
      "count vectorizer",
      "feature_extraction.CountVectorizer"
    ]
  },
  {
    "value": "MLlibrary tfidf feature extractor",
    "synonyms": [
      "tfidf feature extractor",
      "TFIDF Feature Extractor",
      "TFIDF_Feature_Extractor",
      "TfidfVectorizer",
      "Tfidf Vectorizer",
      "TFIDF Vectorizer"
    ]
  },
  {
    "value": "Time Series",
    "synonyms": [
      "Time Series",
      "time series",
      "time_series",
      "Time_Series",
      "TS"
    ]
  }
]